index,filename,artist,cluster,x,y
0,aborigene_1.jpg,aborigene,16,-20.55868623668292,-47.65919998933413
1,accardi_1.jpg,accardi,0,-30.13670249729533,-29.48903996631616
2,accardi_2.jpg,accardi,7,33.741840686206615,10.426147272872132
3,af-klint_1.jpg,af-klint,17,8.467473451256078,-5.789052385439497
4,af-klint_10.jpg,af-klint,27,-28.019752478432277,-6.33874135697926
5,af-klint_11.jpg,af-klint,12,-17.483579002775244,32.50479691689258
6,af-klint_12.jpg,af-klint,2,-17.984533009055536,16.862513034845456
7,af-klint_13.jpg,af-klint,10,-40.71124918040095,12.387328373758761
8,af-klint_2.jpg,af-klint,3,-27.526309596119592,-18.82588742304245
9,af-klint_3.jpg,af-klint,3,-54.08238509889746,1.0091102213829093
10,af-klint_4.jpg,af-klint,3,-46.30427974588637,-4.375252911676894
11,af-klint_5.jpg,af-klint,4,-24.22684235305138,-11.60171073841354
12,af-klint_6.jpg,af-klint,4,-14.782327056339833,-23.266495826762267
13,af-klint_8.jpg,af-klint,19,-15.540684758383176,-0.16734258131806154
14,af-klint_9.jpg,af-klint,2,-21.27766538611037,18.763179134763053
15,afif_1.jpg,afif,16,33.81890756257926,-2.1562965873664526
16,afnan_2.jpg,afnan,4,-4.312600733521254,-29.912370619521592
17,afro_1.jpg,afro,19,-14.115726102535554,-9.126264645083253
18,afro_2.jpg,afro,16,18.944564923731708,-13.121737451409652
19,afro_3.jpg,afro,17,10.36061605157978,2.9084138012848
20,afro_4.jpg,afro,17,1.4899876844874618,23.70498220317406
21,afro_5.jpg,afro,17,11.2974695629217,-2.8864069451940337
22,afro_6.jpg,afro,18,10.404919850564976,5.677191649987206
23,afro_7.jpg,afro,1,-33.713469574425446,49.144870852612954
24,al-azzawi_1.jpg,al-azzawi,3,-44.146620848436136,2.9935836327642713
25,albers_1.jpg,albers,24,13.573742139920531,35.37785255311372
26,albers_10.jpg,albers,5,43.32892847166341,10.226551962381395
27,albers_11.jpg,albers,1,-35.6102317460299,24.35449117898659
28,albers_12.jpg,albers,16,2.0559698977115035,0.565593001836199
29,albers_13.jpg,albers,11,-25.726622600703053,54.21271627035012
30,albers_14.jpg,albers,8,-28.21915552306965,32.77399156853399
31,albers_15.jpg,albers,5,40.899464832759676,-0.2794314309811234
32,albers_16.jpg,albers,13,57.70550199827929,1.0509630138110388
33,albers_17.jpg,albers,5,-7.85340003633951,-0.6400368414725879
34,albers_2.jpg,albers,17,23.01572188791935,-12.273954069691747
35,albers_3.jpg,albers,6,-17.79059670851143,42.826979966807066
36,albers_4.jpg,albers,18,6.111880290931086,30.12197521166616
37,albers_5.jpg,albers,18,18.2550612456317,36.175010763818214
38,albers_6.jpg,albers,18,20.54039939017824,34.51842039591764
39,albers_7.jpg,albers,18,12.603472508222866,40.41653125703505
40,albers_8.jpg,albers,6,-17.3939422304509,42.41171951657204
41,albers_9.jpg,albers,6,-17.75063146488658,43.11153018819923
42,albert-birot_1.jpg,albert-birot,4,-14.684186345745953,-44.03754318066504
43,alechinsky_1.jpg,alechinsky,15,-36.46312147485957,-36.192905090603674
44,alechinsky_2.jpg,alechinsky,4,-39.529559815007445,-22.98635153887247
45,alechinsky_3.jpg,alechinsky,27,-31.202294421994832,-6.968950020985615
46,alechinsky_4.jpg,alechinsky,3,-48.262268547469674,0.38878907536383456
47,allard_1.jpg,allard,15,-36.528857162137655,-50.47388274033036
48,andre_1.jpg,andre,18,12.061639943112608,29.51623395460247
49,angkasapura_1.jpg,angkasapura,4,-49.698580989054356,-36.38689002455915
50,angkasapura_2.jpg,angkasapura,4,-55.647646308039,-16.20569515641475
51,angkasapura_3.jpg,angkasapura,4,-49.46660591137069,-37.1917478605334
52,appel_11.jpg,appel,3,-41.81462063712329,23.453567975343933
53,appel_2.jpg,appel,1,-32.25403255060047,35.8983660253579
54,appel_3.jpg,appel,3,-27.76938578799234,-27.25153857319468
55,appel_4.jpg,appel,4,-31.000062688564277,-19.136261467796526
56,appel_5.jpg,appel,4,-55.259996797439484,-13.246498970268563
57,appel_6.jpg,appel,4,-53.02335441748441,-8.08591587797827
58,araeen_1.jpg,araeen,1,-36.58398269864101,45.95778856990333
59,arguelles_1.jpg,arguelles,18,8.964507145486325,-24.978929169985257
60,arman_1.jpg,arman,4,-32.38252527682685,-25.75711768035797
61,arman_2.jpg,arman,4,-38.54459065651429,-25.65304211300447
62,arman_3.jpg,arman,4,-40.95827156775061,-17.99406895345426
63,arman_4.jpg,arman,1,-48.82726677962478,30.09582376697558
64,arman_5.jpg,arman,15,-34.56758568467091,-19.69776151499279
65,arman_6.jpg,arman,27,-37.7608055689357,-20.530933256723266
66,arman_7.jpg,arman,16,-33.7909041597988,-23.545154289657557
67,arman_98.jpg,arman,4,-36.91106499037468,-26.188920926918975
68,arman_99.jpg,arman,3,-39.56451476671757,-18.49711627545187
69,armandon_1.jpg,armandon,17,-1.0775617770807677,-22.870964281026588
70,arnal_1.jpg,arnal,4,-44.05823305417008,-31.536257116158314
71,arp_1.jpg,arp,10,-20.412423510793097,13.03660615273605
72,arp_2.jpg,arp,8,-14.937770387230104,21.965011775561255
73,arp_3.jpg,arp,5,28.41202608378376,7.329484531114257
74,arp_4.jpg,arp,2,-17.236377896525795,4.503309756094145
75,arp_8.jpg,arp,7,19.1683148235447,4.283473933333899
76,art-et-language_1.jpg,art-et-language,17,4.645056219248237,4.9686211306432035
77,asse_1.jpg,asse,12,12.767051657533912,18.80314844364006
78,asse_10.jpg,asse,1,-41.602438164031014,32.033711940842586
79,asse_2.jpg,asse,12,12.972999511535908,15.066676203964262
80,asse_3.jpg,asse,16,16.096627077919628,-19.354099749900257
81,asse_4.jpg,asse,17,19.68519453261224,7.411523957444519
82,asse_5.jpg,asse,17,13.646521200666433,13.825477498209281
83,asse_6.jpg,asse,2,-13.642420937172467,13.669294788128454
84,asse_7.jpg,asse,8,17.683588048279713,17.332340454242953
85,asse_8.jpg,asse,12,17.54337999003625,16.69845730186845
86,asse_9.jpg,asse,17,10.04892104626974,-11.915575855379807
87,atassi_1.jpg,atassi,10,-8.129391524800551,4.889456251631141
88,atassi_2.jpg,atassi,1,-34.72967345557683,22.305182468441597
89,atlan_1.jpg,atlan,3,-45.532398980425796,13.338338059788706
90,atlan_2.jpg,atlan,3,-44.48557254020396,33.233416055132835
91,atlan_3.jpg,atlan,1,-49.99814262446102,27.90600379262995
92,atlan_4.jpg,atlan,3,-40.68373263255439,33.18270749912752
93,atlan_5.jpg,atlan,1,-47.236795934412086,38.32031024251945
94,auerbach_1.jpg,auerbach,4,-36.51087023470619,-23.723576593976635
95,auerbach_2.jpg,auerbach,4,-16.627919336422888,-32.64188199772613
96,ayme_1.jpg,ayme,8,-10.40968856382896,47.09348260360055
97,bacher_1.jpg,bacher,13,55.49106390094261,0.26293322481809944
98,bae_1.jpg,bae,21,-20.825121194181886,-21.869294744457946
99,bak_1.jpg,bak,7,33.5692947783028,13.736246308990689
100,balas_1.jpg,balas,19,-19.02417494950592,-16.7479596269187
101,balla_1.jpg,balla,16,19.934382089161627,-21.596083279001018
102,balla_2.jpg,balla,2,-16.020587321660706,9.506067099461143
103,balla_3.jpg,balla,11,-29.894456218474478,56.82830155470752
104,barre_1.jpg,barre,12,7.844670131644956,16.20914461319658
105,barre_2.jpg,barre,12,11.209115869043416,17.357423769554707
106,barre_3.jpg,barre,24,11.045021721707348,9.079051168701929
107,barre_4.jpg,barre,12,11.185165482231692,12.166150068041867
108,barre_5.jpg,barre,26,10.319736671053722,42.24169440461401
109,bart_1.jpg,bart,12,15.471417215882058,15.44350392572868
110,barthes_1.jpg,barthes,0,-6.23424316431878,-14.154883666440664
111,barthes_2.jpg,barthes,17,-11.530226484435929,-17.009938008807246
112,baruch_1.jpg,baruch,12,4.693378112118308,9.407198084837342
113,baruch_2.jpg,baruch,12,0.48817231816113593,13.495758443594207
114,baruchello_1.jpg,baruchello,17,11.101890691891732,0.05986842048646342
115,basquiat_1.jpg,basquiat,15,-48.85065225037395,-44.19709365797925
116,basquiat_12.jpg,basquiat,15,-49.08835660405194,-43.95935703492218
117,basquiat_2.jpg,basquiat,4,-37.53749116805093,-23.301334107209083
118,basquiat_7.jpg,basquiat,3,-50.54078661446112,14.728395159883977
119,bazaine_1.jpg,bazaine,19,-25.537724940588802,-2.788384110987224
120,beck_1.jpg,beck,19,-13.386055454420365,-4.494886484730091
121,bedin_1.jpg,bedin,20,8.771166163760128,-28.933535623713894
122,bellaguet_1.jpg,bellaguet,24,-3.515781317089133,22.87185207687392
123,bellmer_1.jpg,bellmer,19,-1.8789583796892626,-11.352203113818065
124,beloussovitch_1.jpg,beloussovitch,17,-0.6403547481143717,20.373070516306328
125,benchamma_1.jpg,benchamma,0,-36.074249691324724,-30.813643701041592
126,benrath_1.jpg,benrath,4,-52.97754075193204,-17.662648290131788
127,benrath_2.jpg,benrath,9,46.85623560683746,8.411003289327283
128,bergman_1.jpg,bergman,19,-5.153486345242667,0.03344724615476496
129,bergman_10.jpg,bergman,18,-11.103694931083494,5.461412561029377
130,bergman_11.jpg,bergman,19,-12.464451800830865,1.6513087532650275
131,bergman_12.jpg,bergman,19,-20.21451759643348,4.822648072806758
132,bergman_13.jpg,bergman,1,-25.94758900500786,18.694448939581676
133,bergman_14.jpg,bergman,1,-51.98077614605292,31.65052846394608
134,bergman_15.jpg,bergman,10,-41.20178325855157,19.562942933800752
135,bergman_16.jpg,bergman,17,-2.851836773221364,17.596126795383103
136,bergman_17.jpg,bergman,1,-37.703541568355575,27.74187361427199
137,bergman_18.jpg,bergman,19,10.5324565333895,-14.029107964131152
138,bergman_19.jpg,bergman,1,-41.90751132596791,30.286283719849703
139,bergman_2.jpg,bergman,1,-49.599127002683076,36.06553289708118
140,bergman_20.jpg,bergman,3,-28.661955221055248,8.046017469464061
141,bergman_21.jpg,bergman,1,-42.42390828858199,39.2175947162378
142,bergman_22.jpg,bergman,16,26.379437548340974,-0.6081794588881738
143,bergman_23.jpg,bergman,4,-14.436800357876038,-40.67293409604484
144,bergman_24.jpg,bergman,2,-39.248788314961175,20.44833279273947
145,bergman_25.jpg,bergman,13,56.459268404939635,-1.4931423743378092
146,bergman_26.jpg,bergman,3,-30.256337339660984,15.050113262687374
147,bergman_27.jpg,bergman,4,-14.461282176634601,-31.7008014451138
148,bergman_28.jpg,bergman,4,-23.84862385933604,-35.04040736265846
149,bergman_29.jpg,bergman,19,-2.4788668222023253,-17.92025859314645
150,bergman_3.jpg,bergman,11,-33.11805420722265,49.761626326907674
151,bergman_30.jpg,bergman,16,42.358147950421184,-5.114034692138363
152,bergman_31.jpg,bergman,1,-38.0611786292322,31.046694118379484
153,bergman_32.jpg,bergman,19,-8.358324272707376,-27.040474358363607
154,bergman_33.jpg,bergman,4,-4.07785045945993,-39.559480889635665
155,bergman_34.jpg,bergman,19,11.730261413367261,-16.99186458154009
156,bergman_35.jpg,bergman,19,-7.8517371288753965,-2.6987845481444763
157,bergman_36.jpg,bergman,0,-10.528831621084162,-22.41563444451114
158,bergman_37.jpg,bergman,4,-23.59903100118978,-41.84688072505177
159,bergman_38.jpg,bergman,16,37.497421158174475,-13.97532695631666
160,bergman_39.jpg,bergman,1,-47.05326394977191,31.684551390220605
161,bergman_4.jpg,bergman,19,-5.751378797481324,-4.8400294508804205
162,bergman_40.jpg,bergman,19,23.173725829253122,-3.1777951058378706
163,bergman_41.jpg,bergman,16,25.58672473273393,-16.21584469748196
164,bergman_42.jpg,bergman,3,-35.286512245548536,36.23200664069238
165,bergman_43.jpg,bergman,16,31.276349782194043,-5.2294157847353
166,bergman_44.jpg,bergman,3,-22.695664276067433,-4.986773164834345
167,bergman_45.jpg,bergman,5,48.81575687163043,-0.6655363110877754
168,bergman_46.jpg,bergman,16,40.239147799811136,-16.13198189877774
169,bergman_47.jpg,bergman,5,43.92182328610715,0.36622734686847286
170,bergman_48.jpg,bergman,16,28.749921896074685,15.499920577464959
171,bergman_49.jpg,bergman,13,53.302160009633006,-3.9714106103703113
172,bergman_5.jpg,bergman,8,-32.056677583469856,33.12885266245698
173,bergman_50.jpg,bergman,16,22.073144030759643,-15.525817705636774
174,bergman_51.jpg,bergman,20,-6.021352389196081,-19.317976015049478
175,bergman_52.jpg,bergman,3,-8.289166221210381,2.884959653005399
176,bergman_6.jpg,bergman,10,-36.030864137721196,25.975660342153077
177,bergman_7.jpg,bergman,19,-3.19822469135811,1.8066252458698058
178,bergman_8.jpg,bergman,16,31.819961319341264,-14.878458860392014
179,bergman_9.jpg,bergman,19,14.822278536555153,-9.890138988729888
180,bergman_91.jpg,bergman,1,-46.68681830680002,36.96576497631767
181,bergman_98.jpg,bergman,17,15.721240970629873,7.9339255371765285
182,bergman_99.jpg,bergman,11,-28.591014089040836,54.04977244001942
183,berman_1.jpg,berman,19,-31.05450621731212,-10.668302838106849
184,bernsk_1.jpg,bernsk,17,4.407054617009334,25.325083236961714
185,bernsk_2.jpg,bernsk,4,-11.700325381380827,-32.80135078549189
186,bertholle_1.jpg,bertholle,21,-5.504882090205867,-28.371257213838977
187,bertholle_2.jpg,bertholle,3,-8.277994235733448,-39.581128619975686
188,bertholle_3.jpg,bertholle,3,-46.05798455957722,1.3849515033169566
189,bertholle_4.jpg,bertholle,19,-47.23752518969283,-2.390952127265846
190,bertrand_1.jpg,bertrand,17,-4.61884191590906,17.731319915448232
191,bezie_1.jpg,bezie,24,6.779950848194076,23.18439012400589
192,bissiere_1.jpg,bissiere,3,-50.28699345132181,33.467930564962735
193,bissiere_2.jpg,bissiere,1,-39.48908922828665,36.900166111072835
194,bloc_1.jpg,bloc,10,-8.48258362067304,-7.443922340623408
195,bloch_1.jpg,bloch,4,-26.027233952865934,-41.09289389939242
196,boccioni_1.jpg,boccioni,4,-1.8225172050322462,-24.60704135393388
197,boeti_1.jpg,boeti,20,1.510005022959728,-30.84090489054134
198,boetti_1.jpg,boetti,4,-49.04281820669005,-37.54557149719102
199,boetti_2.jpg,boetti,16,16.894531780277504,-19.576955003328788
200,bonneaud_1.jpg,bonneaud,5,48.97203730541338,4.962119875636134
201,boumester_1.jpg,boumester,17,-8.99462703197312,5.531412797492363
202,bourgeois_1.jpg,bourgeois,14,13.039065109794516,48.35460831871645
203,bouttier_1.jpg,bouttier,4,-13.507189892152045,-39.72091793312548
204,bouttier_2.jpg,bouttier,4,-18.761246580075195,-28.134735144823054
205,bowling_1.jpg,bowling,3,-30.984343642343905,4.209483239494599
206,bozzolino_1.jpg,bozzolino,10,-51.95497078031582,16.806780725741508
207,bradford_1.jpg,bradford,4,-22.21442645664206,-37.85675473086846
208,bradford_2.jpg,bradford,4,-34.659443090681116,-34.61867659155291
209,brassai_1.jpg,brassai,4,-26.431568002592723,-27.92752883451608
210,brassai_2.jpg,brassai,4,-31.956958600109242,-28.498338407611516
211,brusse_1.jpg,brusse,16,27.845074269172365,-6.3405570227920425
212,brusse_2.jpg,brusse,19,-24.74979850471169,-3.8394064653193176
213,bryen_1.jpg,bryen,17,9.738493507180031,1.6040999008204062
214,bryen_2.jpg,bryen,17,-49.09160435785152,-11.767882693089145
215,buren_1.jpg,buren,11,-34.1386726506228,51.48846847342797
216,buren_2.jpg,buren,11,-32.334497140309296,53.96555606428849
217,buren_3.jpg,buren,11,-28.957486437135678,58.498721809029945
218,buren_4.jpg,buren,11,-28.74576205961412,58.76691167922539
219,buren_5.jpg,buren,14,6.5008613600460325,49.73343017740619
220,burri_1.jpg,burri,16,32.35932263345791,0.17768170379017215
221,burri_10.jpg,burri,4,-59.15252935689031,-10.790639872820163
222,burri_11.jpg,burri,17,9.85797633576885,-2.070929467920908
223,burri_12.jpg,burri,21,6.066465147982843,-27.35310488422966
224,burri_13.jpg,burri,3,7.512083297797828,-6.533486157866572
225,burri_14.jpg,burri,17,23.443920046368312,-2.3091485217075305
226,burri_15.jpg,burri,17,13.975352883377804,-22.517524431115458
227,burri_2.jpg,burri,19,-8.935809409508991,-14.061780700887853
228,burri_3.jpg,burri,17,16.526897553910025,-33.40564690820408
229,burri_4.jpg,burri,17,17.25041041151944,-33.481408569801346
230,burri_5.jpg,burri,5,48.26799987770423,7.439229044867941
231,burri_6.jpg,burri,4,-38.91826927932699,-27.050699423730332
232,burri_7.jpg,burri,16,8.707455957346303,-37.07509364403037
233,burri_8.jpg,burri,21,5.388755684724657,-30.362449205252542
234,burri_9.jpg,burri,16,34.3754793013214,-13.469770378000534
235,burroughs_1.jpg,burroughs,27,-53.02172745922427,-9.188974474674875
236,buthe_1.jpg,buthe,1,-34.11113556037397,35.244843164223084
237,calima_1.jpg,calima,8,6.637571868878255,41.55140397168162
238,calima_2.jpg,calima,14,11.918387500852079,50.12718381947884
239,cane_1.jpg,cane,19,-16.136975231922868,-1.5187158269402838
240,capogrossi_1.jpg,capogrossi,18,-13.063136080507592,24.426299374701184
241,capogrossi_5.jpg,capogrossi,15,-47.058498153871426,-40.28657489941943
242,cappa_1.jpg,cappa,10,-40.65388246780946,4.217827903934683
243,carlsund_1.jpg,carlsund,11,-28.11681943765927,57.97129555141196
244,cassel_1.jpg,cassel,2,-19.282918831593353,14.760025969569844
245,cassel_2.jpg,cassel,17,-23.93934527050047,-22.589976895344282
246,cassel_3.jpg,cassel,3,-23.445592197913445,-12.395784012679762
247,castellani_1.jpg,castellani,3,9.897773131695045,12.216353690159018
248,castellani_2.jpg,castellani,18,18.339274823755602,-2.6479890621291045
249,chagall_1.jpg,chagall,10,-3.975361887797469,-3.2275918215249866
250,chardon_1.jpg,chardon,14,16.399542055073564,45.15959875891998
251,charlton_1.jpg,charlton,11,-28.836497850460145,58.91736379041663
252,chesnier_1.jpg,chesnier,9,41.87478522490455,11.941022920379003
253,choi_1.jpg,choi,19,-34.59566509433978,-4.664808452073357
254,choi_2.jpg,choi,16,28.080510741639266,-20.97145262397298
255,choi_3.jpg,choi,16,34.990781768166045,-17.5633215057742
256,clark_1.jpg,clark,4,-42.80825458089579,-30.09755003667874
257,clement_1.jpg,clement,10,-50.89178437092265,-4.580390780964548
258,clough_1.jpg,clough,3,-35.08300072045629,14.127771984227696
259,colombet_1.jpg,colombet,17,-4.660474586326519,-12.485309592535238
260,colombet_2.jpg,colombet,4,-31.042860729462756,-40.05944404585112
261,colombet_3.jpg,colombet,4,-17.77341381070498,-36.589737503865656
262,colombet_4.jpg,colombet,4,-29.267804074373217,-34.8406610035687
263,colombet_5.jpg,colombet,16,44.501156006569325,-11.110241753924956
264,colombet_6.jpg,colombet,20,28.06584346641534,-18.169645995387597
265,colquhoun_1.jpg,colquhoun,3,-17.694576179256288,25.38857451185646
266,colquhoun_2.jpg,colquhoun,1,-48.77778013254574,39.438462755801794
267,colquhoun_3.jpg,colquhoun,16,1.7316361794021384,20.618948350588468
268,colquhoun_4.jpg,colquhoun,3,-35.84004576299429,2.9109708382826045
269,colquhoun_5.jpg,colquhoun,19,-21.689450986838178,-13.017191783824492
270,colquhoun_6.jpg,colquhoun,19,-12.973715208831152,-12.760458487471517
271,condo_1.jpg,condo,3,-3.218564997478935,18.294644876330693
272,condo_10.jpg,condo,4,-37.411270431516094,-31.553874315003917
273,condo_20.jpg,condo,20,-30.217089025875513,-9.278953200327425
274,condo_21.jpg,condo,4,-38.43837616555451,-19.92887049543954
275,condo_3.jpg,condo,3,-56.105234481421945,28.39061147157338
276,condo_30.jpg,condo,4,-38.185762136305755,-26.984253453281173
277,condo_33.jpg,condo,4,-40.850043921367934,-18.28430112992187
278,condo_42.jpg,condo,19,-11.333072832847604,-1.875899524270129
279,condo_49.jpg,condo,18,-17.371421594837475,40.63246362949464
280,condo_50.jpg,condo,18,-1.7137568941585948,-30.701451583458777
281,condo_51.jpg,condo,21,-1.3864562366887385,-29.800292559044173
282,condo_53.jpg,condo,19,-21.787086970608172,-6.957243754561087
283,condo_58.jpg,condo,19,-21.067735182003457,-8.385847532340492
284,condo_60.jpg,condo,19,-22.45356672423903,-6.077031163419595
285,condo_73.jpg,condo,18,-3.2785432656715687,29.55659259895003
286,conner_1.jpg,conner,4,-48.4290050640103,-9.850847857236268
287,conner_2.jpg,conner,20,-8.023982296009924,-2.056082007161529
288,covert_1.jpg,covert,16,19.751071962466014,-12.679584293190882
289,crepin_1.jpg,crepin,4,-42.42943624903403,-39.73659307855503
290,crepin_2.jpg,crepin,4,-41.311631700473704,-39.8206654957232
291,crotti_1.jpg,crotti,17,-0.17274804514220432,-1.4903248555723052
292,crotti_2.jpg,crotti,3,-51.27513641096636,-10.262688027730059
293,cruz-diez_1.jpg,cruz-diez,18,6.346390301055409,32.73229537342893
294,culbert_1.jpg,culbert,8,0.38538388905267545,31.962929334289136
295,culbert_2.jpg,culbert,19,-6.2184444135775845,-2.137511073846753
296,culbert_3.jpg,culbert,1,-56.707876665744884,31.54950777744227
297,culbert_4.jpg,culbert,3,-23.609534947744752,15.235995518223657
298,culin_1.jpg,culin,3,-40.49437893110965,22.45354147761776
299,dali_1.jpg,dali,16,39.35400033668997,-8.027957914007033
300,damoah_1.jpg,damoah,1,-32.47662180468496,33.52125703979914
301,damoah_2.jpg,damoah,7,36.77829944447524,12.587165670270384
302,damoah_3.jpg,damoah,4,-11.549528741885023,-31.332611237114104
303,de-bary_1.jpg,de-bary,5,39.130256599597665,-6.857289656123869
304,de-dominicis_1.jpg,de-dominicis,3,-7.197803031161559,17.67286873156181
305,de-kooning_13.jpg,de-kooning,27,-51.06312033133251,0.16691409651673864
306,de-kooning_16.jpg,de-kooning,4,-18.638234566775633,-17.234015522838096
307,de-kooning_3.jpg,de-kooning,3,-51.35170205272351,6.549352426013256
308,de-kooning_7.jpg,de-kooning,19,-0.7203544632597264,-11.191549056943618
309,de-kooning_8.jpg,de-kooning,27,-49.208085941468056,-10.969347319902711
310,de-kooning_9.jpg,de-kooning,27,-46.75510741468081,2.3507331258067707
311,de-souza-cardoso_11.jpg,de-souza-cardoso,3,-55.53535332024622,4.06307244898343
312,de-souza-cardoso_12.jpg,de-souza-cardoso,27,-50.26684546317109,4.947488198589653
313,de-souza-cardoso_13.jpg,de-souza-cardoso,3,-51.99220388443817,6.4490900651290435
314,de-souza-cardoso_14.jpg,de-souza-cardoso,27,-52.59267884532116,5.221812491480231
315,de-souza-cardoso_15.jpg,de-souza-cardoso,3,-43.84967631507923,17.577083882720164
316,de-souza-cardoso_31.jpg,de-souza-cardoso,1,-39.79626387797621,41.45510247497882
317,de-souza-cardoso_32.jpg,de-souza-cardoso,1,-36.683475715576606,43.09314458355201
318,de-souza-cardoso_33.jpg,de-souza-cardoso,1,-34.28919504904824,40.392763359237094
319,de-souza-cardoso_34.jpg,de-souza-cardoso,1,-33.43022271490511,39.89244933870447
320,de-stael_1.jpg,de-stael,17,0.3425511314943465,-23.32486994503694
321,de-stael_10.jpg,de-stael,18,7.335334414388663,40.17280093308987
322,de-stael_11.jpg,de-stael,20,3.139961035856111,-31.91137398134194
323,de-stael_12.jpg,de-stael,4,4.355950666599241,-21.991573209306335
324,de-stael_13.jpg,de-stael,4,7.229670459809833,-24.517094995838274
325,de-stael_14.jpg,de-stael,4,1.9915793269343505,-22.210532025404895
326,de-stael_15.jpg,de-stael,16,19.32625919191188,-13.170908394329377
327,de-stael_16.jpg,de-stael,18,5.052397676667996,-20.546199954410557
328,de-stael_18.jpg,de-stael,5,41.95266352616703,-0.3551160269666512
329,de-stael_19.jpg,de-stael,18,-34.76785151020381,0.7724186080211384
330,de-stael_2.jpg,de-stael,4,-15.783330997776318,-38.96402573390321
331,de-stael_20.jpg,de-stael,16,35.31320504306389,-2.3168874504392667
332,de-stael_21.jpg,de-stael,18,21.599220539088098,-8.250341525891669
333,de-stael_22.jpg,de-stael,5,45.8360814217287,-0.9505295672687598
334,de-stael_23.jpg,de-stael,3,-36.542063872559865,9.178508964599484
335,de-stael_24.jpg,de-stael,20,-20.4294190618908,-20.087830650167763
336,de-stael_29.jpg,de-stael,19,11.673043427768238,-4.721881702821725
337,de-stael_3.jpg,de-stael,4,-21.266830090606717,-25.604563219278244
338,de-stael_4.jpg,de-stael,4,-22.14966961483236,-33.738668994938685
339,de-stael_41.jpg,de-stael,4,-34.92143472656813,-16.39227100245677
340,de-stael_5.jpg,de-stael,3,-38.9784749519128,15.179409322141534
341,de-stael_6.jpg,de-stael,3,-29.114837130077127,6.731469255759528
342,de-stael_7.jpg,de-stael,4,-4.734224419376704,-25.49879837371523
343,de-stael_8.jpg,de-stael,18,21.92045851737471,-7.390318583715934
344,de-stael_9.jpg,de-stael,19,-27.439692556929586,13.444181512275708
345,debre_1.jpg,debre,17,-3.811441015624587,19.74049902064378
346,debre_2.jpg,debre,12,16.256176629600525,18.00778971496988
347,defeo_1.jpg,defeo,4,-15.021176854368644,-29.464958503957142
348,degottex_1.jpg,degottex,18,-4.933668343394604,-26.102723040178788
349,degottex_10.jpg,degottex,12,-22.155744003184896,32.89198410645062
350,degottex_11.jpg,degottex,16,37.05229811449164,-14.80273264897615
351,degottex_2.jpg,degottex,1,-33.8471040639411,36.41384865446717
352,degottex_3.jpg,degottex,19,-13.586729662910477,-6.965779541718294
353,degottex_4.jpg,degottex,13,52.483588418042956,-1.2873263276667735
354,degottex_5.jpg,degottex,18,-10.859516228480679,-4.531578963795569
355,deguelle_1.jpg,deguelle,1,-24.5256891128589,33.05430247227638
356,del-marle_1.jpg,del-marle,5,40.629321971650185,-2.2792224033535313
357,delaney_1.jpg,delaney,16,27.43571760208949,-7.97257240015595
358,delaunay-r_10.jpg,delaunay-r,3,-56.085823965512866,16.25861919462659
359,delaunay-r_12.jpg,delaunay-r,10,-35.69574154973731,15.392004060021932
360,delaunay-r_15.jpg,delaunay-r,19,-40.8664141617404,1.40744233144951
361,delaunay-r_17.jpg,delaunay-r,4,-13.210140181695495,-44.22463999024247
362,delaunay-r_18.jpg,delaunay-r,4,5.5216313379002955,-38.42197704711215
363,delaunay-r_19.jpg,delaunay-r,17,2.7975070699245213,0.24213321620730344
364,delaunay-r_2.jpg,delaunay-r,3,-53.301282849055895,18.659885012712678
365,delaunay-r_21.jpg,delaunay-r,2,-19.220718491746698,20.253839225746457
366,delaunay-r_32.jpg,delaunay-r,2,-19.872980848763444,21.015976510504288
367,delaunay-r_34.jpg,delaunay-r,3,-48.6984597546436,19.01429743064406
368,delaunay-r_35.jpg,delaunay-r,2,-18.03713183007914,19.040077419086018
369,delaunay-r_36.jpg,delaunay-r,2,-18.894883945527166,14.553602645878232
370,delaunay-r_4.jpg,delaunay-r,2,-21.246435593628696,21.501041342656613
371,delaunay-r_5.jpg,delaunay-r,2,-20.876670298449266,20.962382001470232
372,delaunay-r_9.jpg,delaunay-r,20,-14.673843657048838,-27.957669195270746
373,delaunay-s_10.jpg,delaunay-s,2,-21.832218628405027,21.236194578698804
374,delaunay-s_12.jpg,delaunay-s,2,-18.582909768970215,10.897443562829544
375,delaunay-s_16.jpg,delaunay-s,3,-43.26057568233557,12.555658165563313
376,delaunay-s_17.jpg,delaunay-s,3,-43.5480583852049,17.45582422525908
377,delaunay-s_18.jpg,delaunay-s,2,-21.895197525297885,21.416911896935737
378,delaunay-s_2.jpg,delaunay-s,3,-39.718399956395324,4.555161040990462
379,delaunay-s_3.jpg,delaunay-s,3,-50.1324529590115,-9.727424197397296
380,delaunay-s_4.jpg,delaunay-s,3,-41.6067417973075,7.162825521772401
381,delaunay-s_5.jpg,delaunay-s,19,-23.00726047242253,-5.797837865178777
382,delaunay-s_6.jpg,delaunay-s,19,-24.804944583617317,2.4379359481241547
383,delaunay-s_7.jpg,delaunay-s,2,-20.242240800846922,21.521835186018464
384,delaunay-s_8.jpg,delaunay-s,3,-42.08759013278575,10.869607463866146
385,delporte_1.jpg,delporte,4,-6.79660642253414,-32.28348528766738
386,delprat_1.jpg,delprat,13,58.93868705769425,-1.0966937478223355
387,devade_1.jpg,devade,9,23.949472674821745,17.37240686579076
388,deyrolle_1.jpg,deyrolle,19,0.4230697477211532,-13.772972696925342
389,dezeuze_1.jpg,dezeuze,12,-39.52907296007355,10.839595032026986
390,dezeuze_2.jpg,dezeuze,5,49.39967465628024,-1.3994660406335948
391,diebenkorn_1.jpg,diebenkorn,16,41.606010487786534,-5.4188754259689365
392,dmitrienko_1.jpg,dmitrienko,2,-12.750671145960307,8.547108866235504
393,do-amaral_17.jpg,do-amaral,1,-29.74346339903695,49.761640815242686
394,do-amaral_18.jpg,do-amaral,1,-43.91242719130683,42.08066727311309
395,doka_1.jpg,doka,2,-5.414161089889478,-3.3282117668477054
396,domela_1.jpg,domela,14,16.131226646070395,47.111211085189524
397,domela_2.jpg,domela,10,13.463800640916102,6.418957410935556
398,domela_3.jpg,domela,1,-48.53357205430768,30.93644467073762
399,domela_4.jpg,domela,10,-34.565143193040484,5.365501324584465
400,domela_5.jpg,domela,10,-32.815972019056915,7.112440024811529
401,domela_6.jpg,domela,10,-29.95268365772126,1.7607003065169071
402,domela_7.jpg,domela,10,-20.36817805223036,0.02910999352558511
403,dominguez_1.jpg,dominguez,16,30.93368813257546,4.270861375315218
404,dominguez_2.jpg,dominguez,16,2.4906025528248716,-10.841185666253477
405,dondi-white_1.jpg,dondi-white,5,35.82272440939652,-2.217525215900278
406,dorazio_1.jpg,dorazio,4,-13.01729427186411,-21.87551239801379
407,dordek_1.jpg,dordek,2,-19.525488447826014,17.500113832330683
408,dotremont_1.jpg,dotremont,0,-24.197885782805386,-23.82059295129401
409,doumar_1.jpg,doumar,3,-39.30384195305657,23.223679714187277
410,drew_1.jpg,drew,15,-31.556981593904847,-37.407238724103266
411,du-pasquier_1.jpg,du-pasquier,20,-25.45607094578829,-19.67833173295887
412,du-pasquier_2.jpg,du-pasquier,15,-45.56477380641025,-47.06576395262947
413,du-pasquier_3.jpg,du-pasquier,15,-48.3550257106995,-44.706947414806436
414,dubuffet_1.jpg,dubuffet,15,-48.3602578605588,-43.057119091943086
415,dubuffet_10.jpg,dubuffet,0,-19.94229420082163,-21.725820153754377
416,dubuffet_11.jpg,dubuffet,15,-42.447084226827975,-31.523233027772896
417,dubuffet_12.jpg,dubuffet,0,-28.145539770279107,-26.894402656544127
418,dubuffet_13.jpg,dubuffet,15,-46.66002485151353,-44.77977287659611
419,dubuffet_14.jpg,dubuffet,4,-22.364150577315115,-24.051758960293455
420,dubuffet_16.jpg,dubuffet,4,-18.34901192243367,-25.355832416049186
421,dubuffet_19.jpg,dubuffet,4,-36.48901311868623,-16.592638510377217
422,dubuffet_2.jpg,dubuffet,4,-17.16232664480704,-31.8387088160247
423,dubuffet_21.jpg,dubuffet,19,-33.37911116380618,-6.737697698501018
424,dubuffet_3.jpg,dubuffet,4,-24.469049601307923,-35.49223533777608
425,dubuffet_4.jpg,dubuffet,10,-39.30110159659316,24.82707600597243
426,dubuffet_5.jpg,dubuffet,4,-3.689765039084147,-40.33237190985682
427,dubuffet_7.jpg,dubuffet,0,-27.04143289555534,-25.259632954216343
428,dubuffet_8.jpg,dubuffet,0,-40.34529655508365,-29.151353868758573
429,dubuffet_9.jpg,dubuffet,0,-40.56598974543821,-26.56040183654033
430,dulom_1.jpg,dulom,9,16.725507661819606,17.094648529240686
431,dumitresco_1.jpg,dumitresco,4,-38.3627410946204,-28.701377009635145
432,dumitresco_2.jpg,dumitresco,4,-31.954168941880376,-17.649477777084048
433,dupre_1.jpg,dupre,15,-44.83854236728384,-45.62788918175677
434,durieu_1.jpg,durieu,18,12.894650789261348,44.70546112741827
435,durieu_2.jpg,durieu,19,-30.956083459535012,-20.243540177392457
436,el-anatsui_1.jpg,el-anatsui,4,-42.19453182478605,-34.20905591067747
437,el-anatsui_2.jpg,el-anatsui,4,-24.785729220529845,-45.436771088558324
438,el-lissitzky_1.jpg,el-lissitzky,10,12.426197739315475,8.193155759350141
439,el-lissitzky_2.jpg,el-lissitzky,2,-15.926823580719438,20.277768098194226
440,el-lissitzky_3.jpg,el-lissitzky,18,16.265973301245186,9.776431761220111
441,el-lissitzky_4.jpg,el-lissitzky,10,20.43784966378421,2.9363747465392303
442,el-lissitzky_5.jpg,el-lissitzky,8,-37.45650480132433,33.50374834933488
443,el-lissitzky_6.jpg,el-lissitzky,10,16.489744976004587,8.783268726876221
444,el-lissitzky_7.jpg,el-lissitzky,10,19.68119287264919,5.290020181813961
445,el-lissitzky_8.jpg,el-lissitzky,7,25.409189075317656,22.04010450764855
446,ermolaeva_1.jpg,ermolaeva,17,7.88435969623128,23.558497429675604
447,ernst_1.jpg,ernst,3,-50.36303937030142,12.650743258650289
448,ernst_10.jpg,ernst,1,-47.70991827239493,32.75573349206109
449,ernst_11.jpg,ernst,3,-50.834672384119365,13.115715544507655
450,ernst_12.jpg,ernst,21,-34.866368763031375,-13.357476533810223
451,ernst_13.jpg,ernst,19,-0.6876293893164938,-19.257713789286974
452,ernst_14.jpg,ernst,27,-39.7541745499562,-37.407439094693814
453,ernst_15.jpg,ernst,3,-37.5153300244773,-7.755139483170011
454,ernst_18.jpg,ernst,4,-33.874893825737914,-9.191082989812301
455,ernst_25.jpg,ernst,19,-2.607797450817981,-13.946325625303636
456,ernst_26.jpg,ernst,19,-0.962274528732471,-13.815129127863763
457,ernst_3.jpg,ernst,3,-46.5297839668536,-18.891551948188486
458,ernst_33.jpg,ernst,3,-17.3324495763626,-19.329958176364066
459,ernst_5.jpg,ernst,19,-13.653269379813578,-11.397858323529842
460,ernst_8.jpg,ernst,4,-23.443550283127376,-9.53166058912268
461,erruas_1.jpg,erruas,17,3.9912186708250865,-4.836066737124332
462,esteve_1.jpg,esteve,18,12.412598669009823,32.43375614053977
463,esteve_2.jpg,esteve,19,16.64409729991007,25.55212161179593
464,fangor_1.jpg,fangor,2,-16.22312513688515,20.37782084061448
465,farmanfarmaian_1.jpg,farmanfarmaian,18,1.0657353106673702,35.462920349723234
466,farmanfarmaian_2.jpg,farmanfarmaian,18,0.8907417755325528,37.173441695118754
467,fautrier_11.jpg,fautrier,27,-14.498292190268248,-3.632930737011717
468,fautrier_12.jpg,fautrier,4,-13.147247768316216,-6.375067003732816
469,fautrier_13.jpg,fautrier,17,-9.21053856735027,-8.77334884133202
470,fautrier_14.jpg,fautrier,16,12.939983762600495,-22.47586892665342
471,fautrier_2.jpg,fautrier,16,27.696427392074582,-7.159653501192854
472,fautrier_25.jpg,fautrier,16,44.404493732667135,-6.194252582825083
473,fautrier_26.jpg,fautrier,4,-25.60424123915331,-39.14661574650562
474,fautrier_29.jpg,fautrier,4,-51.66432249325601,-9.97776104797518
475,fautrier_7.jpg,fautrier,17,-11.980350370528447,-11.304094135028228
476,fautrier_9.jpg,fautrier,19,-18.230978565749332,-2.683237331630427
477,favier_1.jpg,favier,18,10.953989503996507,17.987795812657968
478,fernandez.jpg,fernandez.jpg,18,21.863106184464815,-4.319264744741936
479,festa_1.jpg,festa,11,-23.489969127850745,52.96279604931362
480,filia_1.jpg,filia,19,-15.724010086456467,8.858663556161572
481,fini_1.jpg,fini,4,-42.425348310981434,-6.061695106681739
482,fini_2.jpg,fini,3,-42.67898740610368,30.89598876958804
483,folmer_1.jpg,folmer,11,-26.019974267902167,58.407750478298084
484,folmer_2.jpg,folmer,19,-31.34681022199524,10.261061943322169
485,folmer_3.jpg,folmer,12,-14.720968133290338,32.617832132267914
486,fondrillon_1.jpg,fondrillon,20,-32.68428494927687,-29.53941005015469
487,fontana_1.jpg,fontana,17,10.811820673455953,-3.794594353400061
488,fontana_10.jpg,fontana,17,0.7748892002736645,25.031882493129565
489,fontana_11.jpg,fontana,4,-39.35368603793518,-21.031388091541668
490,fontana_12.jpg,fontana,16,16.295718699738515,-33.049679306227624
491,fontana_13.jpg,fontana,17,12.647349025240757,-31.611180303899765
492,fontana_14.jpg,fontana,17,3.35462153893475,25.04557859364943
493,fontana_15.jpg,fontana,18,12.64458915349519,27.081984208819446
494,fontana_16.jpg,fontana,2,4.127365085290854,-21.080380242242136
495,fontana_17.jpg,fontana,17,10.264868736274892,-36.02146955464567
496,fontana_18.jpg,fontana,4,6.355678548243779,-28.28157133751107
497,fontana_19.jpg,fontana,3,7.138969591047674,5.79614704565702
498,fontana_2.jpg,fontana,16,17.69232062348656,-33.285775973066706
499,fontana_20.jpg,fontana,2,-12.959572997409365,19.505136018428544
500,fontana_21.jpg,fontana,17,16.15309896346804,16.925857885077882
501,fontana_22.jpg,fontana,7,32.02231219870501,12.274368682682946
502,fontana_23.jpg,fontana,7,27.015239278415248,13.084819940757864
503,fontana_24.jpg,fontana,17,6.229541008438167,-22.797778152173933
504,fontana_25.jpg,fontana,17,17.6901903763707,8.898635947663045
505,fontana_26.jpg,fontana,17,19.796550786861307,7.348772512422554
506,fontana_27.jpg,fontana,24,2.60373613571872,25.48155879636718
507,fontana_28.jpg,fontana,7,30.020498236109507,24.389318670247768
508,fontana_29.jpg,fontana,7,30.830497483230467,24.43068594932188
509,fontana_3.jpg,fontana,17,-51.96860066422489,-14.99166362011319
510,fontana_30.jpg,fontana,17,16.128374128090574,-31.901964270147495
511,fontana_31.jpg,fontana,3,-8.332265208302186,-29.723324049966926
512,fontana_32.jpg,fontana,1,9.43364836590839,-38.04078741172279
513,fontana_4.jpg,fontana,3,-55.9247735859218,5.212795814905714
514,fontana_5.jpg,fontana,1,8.714098343121728,8.341050833543578
515,fontana_6.jpg,fontana,16,18.374564616622795,-33.03003528179305
516,fontana_7.jpg,fontana,17,9.633796483476255,-20.493803044983057
517,fontana_8.jpg,fontana,16,18.456563723781517,-33.033719018034596
518,fontana_9.jpg,fontana,17,-6.439700260330441,-17.227463404527274
519,fontana_98.jpg,fontana,13,57.01578262495541,-1.0640256350023378
520,francis_1.jpg,francis,3,-13.99812290375484,-14.934043203521409
521,francis_2.jpg,francis,4,-33.89843336450414,-21.78871494081419
522,francis_3.jpg,francis,4,-42.66877577793307,-25.232852654133897
523,frankenthaler_1.jpg,frankenthaler,8,-11.444683196612804,32.31203655550779
524,freundlich_10.jpg,freundlich,10,-44.024255920808216,8.383822248063748
525,freundlich_11.jpg,freundlich,1,-50.84609395978393,13.260367697758738
526,freundlich_12.jpg,freundlich,17,3.0783714216290736,24.069789230818017
527,freundlich_13.jpg,freundlich,17,-3.1132855145010714,-22.919874742178607
528,freundlich_14.jpg,freundlich,3,-16.833927585087576,4.1851335888066865
529,freundlich_15.jpg,freundlich,18,-6.174315019587695,29.34984667860764
530,freundlich_16.jpg,freundlich,19,20.957847709517008,19.546258228857305
531,freundlich_17.jpg,freundlich,18,4.253826167932288,35.31678869085781
532,freundlich_18.jpg,freundlich,1,-32.40988364817589,41.81502214024382
533,freundlich_19.jpg,freundlich,19,-22.669435942267498,12.059306303914376
534,freundlich_20.jpg,freundlich,23,11.472354428748487,42.4643252892205
535,freundlich_21.jpg,freundlich,18,-7.358422225728886,26.661448725352116
536,freundlich_22.jpg,freundlich,1,-22.9150497370932,32.71416075606605
537,freundlich_23.jpg,freundlich,17,-5.1618785328438275,5.26536997524023
538,freundlich_24.jpg,freundlich,14,12.64644413242057,44.91774960655758
539,freundlich_25.jpg,freundlich,10,-19.755915860922325,7.610407181682706
540,freundlich_26.jpg,freundlich,15,-36.05806022409227,-42.71145670356958
541,freundlich_27.jpg,freundlich,19,-21.023620373119183,15.102146422427419
542,freundlich_28.jpg,freundlich,2,-19.77015174569848,16.245146584380798
543,freundlich_6.jpg,freundlich,19,-15.172443709452509,18.431120368175307
544,freundlich_7.jpg,freundlich,1,-53.93449418220337,18.23791533821072
545,freundlich_79.jpg,freundlich,2,-38.05204753142123,27.856616603603662
546,freundlich_8.jpg,freundlich,5,11.676081649064624,-9.684771463919224
547,frize_1.jpg,frize,18,4.27676278719177,33.54543992050323
548,frize_16.jpg,frize,19,-40.16876542113859,-13.860318861280582
549,frize_19.jpg,frize,2,-47.22100088130329,27.858351196392885
550,frize_2.jpg,frize,13,58.06790695072381,0.2706906492966593
551,frize_25.jpg,frize,16,24.934867061041988,-15.546474372209723
552,frize_27.jpg,frize,16,-2.791465200194784,-7.117040841832893
553,frize_30.jpg,frize,4,-49.903754394490605,-15.721932733100969
554,frize_31.jpg,frize,4,-21.165180121432307,-18.64405881868411
555,frize_33.jpg,frize,4,-56.14479709396222,-7.03607108619369
556,frize_35.jpg,frize,15,-50.59681601666455,-43.20206717714329
557,frize_4.jpg,frize,4,-42.65959332411641,-11.523624777965951
558,frize_7.jpg,frize,19,-51.963890291383365,-12.816819651967334
559,frize_8.jpg,frize,19,-11.62194420211067,-9.321376278282488
560,fromanger_1.jpg,fromanger,10,-39.2452714556918,12.81371082518941
561,fromanger_15.jpg,fromanger,1,-58.94705603238085,32.84416535675464
562,fromanger_21.jpg,fromanger,18,23.845930750397862,10.948550393916376
563,fromanger_25.jpg,fromanger,14,-4.62085387987262,39.038165318504404
564,fromanger_26.jpg,fromanger,11,-25.588680369430456,55.286164101176
565,fromanger_7.jpg,fromanger,15,-36.960245555659824,-49.7604154720159
566,fukui_1.jpg,fukui,4,-49.69054890976506,-37.96560990746257
567,futura-2000_1.jpg,futura-2000,19,-22.18429280674574,-0.548399663855216
568,futura-2000_2.jpg,futura-2000,17,-41.61449039144541,0.0049961636096253394
569,futura-2000_3.jpg,futura-2000,17,10.385168330778141,-1.160340695252813
570,futura-2000_4.jpg,futura-2000,19,-12.389209089780195,-19.374560669819363
571,gabori_1.jpg,gabori,3,-25.063869238844767,-6.540087598168907
572,gabori_2.jpg,gabori,19,-0.5647346731339183,-8.670566434943648
573,gabori_3.jpg,gabori,3,-12.360551822335339,7.452695489864795
574,gabori_4.jpg,gabori,1,-46.053387169948216,22.40443989374861
575,gabori_5.jpg,gabori,18,-47.633438908727335,9.85744159097742
576,gabori_6.jpg,gabori,1,-49.57451104203766,21.731535339521606
577,gabori_7.jpg,gabori,3,-36.286183601349485,19.45549343396492
578,galvano_1.jpg,galvano,11,-25.26547237476573,49.22374087859447
579,garcia_1.jpg,garcia,15,-43.49932153580888,-49.10237687429509
580,garcin_1.jpg,garcin,2,-31.530547630658152,15.786868217559867
581,gaston-dreyfus_1.jpg,gaston-dreyfus,1,-39.671830330439256,26.21939575242862
582,gnamus_1.jpg,gnamus,12,22.39778793934335,15.233520170774312
583,godeg_1.jpg,godeg,1,-37.66789228344859,27.267263040615745
584,goldfarb_1.jpg,goldfarb,4,-39.3886266099637,-16.20584928763824
585,gontcharova_8.jpg,gontcharova,1,-45.88166912085605,38.27488253049354
586,gonzales_1.jpg,gonzales,2,-39.33528826245822,31.54087596653282
587,gonzales_2.jpg,gonzales,17,2.0811322862574153,-23.867233059523933
588,gonzalez_5.jpg,gonzalez,1,-54.74020006724898,29.305912806399867
589,gorenec_1.jpg,gorenec,2,-14.653886918663284,17.646970062077763
590,gorin_1.jpg,gorin,14,18.785402390909656,47.32908897901769
591,gorin_2.jpg,gorin,10,17.043499940546862,4.759725542126711
592,gorin_3.jpg,gorin,10,-25.33706264669201,3.3610617545114176
593,gorin_4.jpg,gorin,14,15.074717339112503,47.52409040839213
594,gorin_5 (2).jpg,gorin,2,-12.722155621091144,15.035399896092432
595,gorin_6.jpg,gorin,14,9.97987495086514,44.20101722240456
596,gorin_7.jpg,gorin,9,18.61094193111386,40.37465226229892
597,gorin_8.jpg,gorin,7,43.700006426348175,12.551172946959579
598,gorki_1.jpg,gorki,19,-22.39340829917845,1.3658176532321509
599,granell_1.jpg,granell,16,19.579273798004984,-16.853168058764897
600,granell_2.jpg,granell,19,-9.198396775061962,-23.501498161914526
601,graverol_1.jpg,graverol,10,-36.775228355335216,24.483719420702418
602,griffa_2.jpg,griffa,17,28.32562063133718,8.217301956823036
603,gruden_1.jpg,gruden,4,-6.658461232327073,-17.61119466379209
604,guitet_1.jpg,guitet,3,-32.21247937927981,9.94854701587373
605,guitet_11.jpg,guitet,11,-32.28295830724306,51.53134932111683
606,guitet_12.jpg,guitet,11,-31.62811171602019,51.93101220016709
607,guitet_13.jpg,guitet,17,15.136525319075718,4.901227253169535
608,guitet_15.jpg,guitet,10,-35.16237040012388,20.077886103627787
609,guitet_16.jpg,guitet,5,36.04193238406664,-1.8850903691271974
610,guitet_2.jpg,guitet,17,-12.844028147336548,-7.992977832834599
611,guitet_3.jpg,guitet,8,-5.355051868025064,28.78186972913762
612,guitet_4.jpg,guitet,8,16.669886847997418,17.778783084411618
613,guitet_5.jpg,guitet,17,18.580629562317757,9.079143647436025
614,guitet_6.jpg,guitet,17,-5.94286973045869,-6.225326978794131
615,guitet_7.jpg,guitet,19,17.809192512746304,-0.6405038590797765
616,guitet_9.jpg,guitet,16,31.610020022337117,-3.592865866776139
617,gujral_1.jpg,gujral,17,-44.83202426304218,-2.4430839309889323
618,gutai_1.jpg,gutai,4,-32.02441574069791,-33.04860809422432
619,gysin_1.jpg,gysin,4,-31.755334921785998,-24.82285589307312
620,gysin_10.jpg,gysin,18,9.405643525159768,24.639740292998574
621,gysin_11.jpg,gysin,16,31.63458462697685,-11.7672106809547
622,gysin_2.jpg,gysin,16,44.55256336826101,-9.399351264249164
623,gysin_6.jpg,gysin,27,-21.863630015722812,-12.151885223307309
624,gysin_7.jpg,gysin,16,37.83051415681365,-10.05058034451591
625,gysin_8.jpg,gysin,27,-21.06432925170636,-13.649807977541853
626,gysin_9.jpg,gysin,3,-17.66207604461796,-8.480769246330564
627,ha_1.jpg,ha,1,-49.83559264950392,34.13406798782214
628,ha_2.jpg,ha,18,-7.46944795272536,-13.043298530460259
629,halley_1.jpg,halley,14,0.8722447802526148,49.600684044645284
630,hammons_1.jpg,hammons,16,12.956545047314114,-21.56795895464968
631,hantai_1.jpg,hantai,2,-23.291004458077907,2.540083333871719
632,hantai_2.jpg,hantai,20,12.845548285104849,35.00251050221257
633,hantai_4.jpg,hantai,16,14.926000617846983,-20.189048624637643
634,hantai_5.jpg,hantai,19,-28.861438381061493,-11.233313994574354
635,hantai_6.jpg,hantai,4,-40.45966227126591,-22.814325680328484
636,hantai_7.jpg,hantai,4,-18.65441170856672,-32.715834158759556
637,hantai_8.jpg,hantai,19,-6.530340939853936,-36.3078052937833
638,haring_12.jpg,haring,15,-43.732370981131496,-44.512564822294344
639,hartung_1.jpg,hartung,4,-25.194295005125163,-37.51188457698372
640,hartung_10.jpg,hartung,10,-48.45402776422075,14.21884812419154
641,hartung_11.jpg,hartung,4,-39.88059660203331,-19.407393703048506
642,hartung_12.jpg,hartung,1,-53.71268348516508,32.29221127275437
643,hartung_13.jpg,hartung,5,37.67186723828868,-10.618318082327061
644,hartung_14.jpg,hartung,19,-0.692352909295469,-19.445428665070636
645,hartung_15.jpg,hartung,1,-17.956557543942168,39.45939747510193
646,hartung_16.jpg,hartung,1,-18.829172087435722,41.71353614082415
647,hartung_17.jpg,hartung,16,1.2577728769692575,-14.521899394517327
648,hartung_18.jpg,hartung,18,-17.66114465209884,-31.028934194020927
649,hartung_19.jpg,hartung,0,-12.412495956998454,-45.45363920965773
650,hartung_2.jpg,hartung,4,-25.860737782431926,-40.75462364449777
651,hartung_20.jpg,hartung,4,-10.097131393895463,-43.952559847965986
652,hartung_21.jpg,hartung,5,28.672509907343834,-9.987751833882198
653,hartung_22.jpg,hartung,4,-31.914735746474435,-44.52253711245455
654,hartung_23.jpg,hartung,18,-31.298305501744924,1.4142657207136786
655,hartung_24.jpg,hartung,0,-15.406177216770857,-42.85986195211279
656,hartung_25.jpg,hartung,4,-23.700272792831,-28.53708545588619
657,hartung_26.jpg,hartung,1,-7.867083535918512,-41.68352628914169
658,hartung_27.jpg,hartung,16,-8.34082152969752,-41.37260353723195
659,hartung_28.jpg,hartung,17,-11.276674078251283,-17.734684600057157
660,hartung_29.jpg,hartung,4,-22.171748383372854,-36.448963292197725
661,hartung_3.jpg,hartung,13,58.7733556414692,-0.33041187446469555
662,hartung_30.jpg,hartung,10,-56.91051103026002,3.8891554003271454
663,hartung_31.jpg,hartung,15,-41.767251911718745,-46.52801090303725
664,hartung_32.jpg,hartung,4,-40.22721882681039,-25.32177866352996
665,hartung_33.jpg,hartung,3,-13.817185424521925,-41.15767371131559
666,hartung_4.jpg,hartung,0,-25.846181436180288,-6.606464209567503
667,hartung_5.jpg,hartung,4,-21.184358508195682,-38.95165362059318
668,hartung_6.jpg,hartung,18,13.588825809638555,36.18641092563288
669,hartung_7.jpg,hartung,10,-25.928272984149245,7.822781511913498
670,hartung_8.jpg,hartung,11,-54.91273570395166,38.93411117539097
671,hartung_9.jpg,hartung,13,52.08918867405606,-4.3990353594623395
672,hartung_98.jpg,hartung,10,-38.77426293090299,8.56687311302441
673,helion_1.jpg,helion,10,1.8448053006519218,-3.0112532362258717
674,helion_2.jpg,helion,18,0.1580700878690973,43.8981996150136
675,helion_20.jpg,helion,17,-1.418212530940711,-36.52764728179248
676,helion_21.jpg,helion,1,7.069886108470937,14.16706928097026
677,helion_22.jpg,helion,17,9.637088814288774,-2.933239717453324
678,helion_23.jpg,helion,14,5.600102082044367,41.925285228498964
679,helion_3.jpg,helion,2,9.791476471126163,-32.52237789490068
680,helion_4.jpg,helion,1,-35.53776636776672,29.25004162506354
681,helion_5.jpg,helion,17,0.0695744459910957,-36.064288749845126
682,helion_55.jpg,helion,14,9.407980634266526,47.600512984675746
683,helion_56.jpg,helion,14,9.342680445916663,48.947368335874856
684,helion_57.jpg,helion,18,2.1518983970044503,40.78098655722699
685,helion_58.jpg,helion,1,-27.54868848915733,22.8174391310431
686,helion_59.jpg,helion,3,-35.906385396899246,19.347197753712095
687,helion_60.jpg,helion,18,4.853984775820249,31.61739795745559
688,helion_61.jpg,helion,1,-30.877757333902952,27.33159278936631
689,hemery_1.jpg,hemery,3,-38.751742295289574,5.449667761798976
690,henschel_1.jpg,henschel,1,-47.69805914356191,39.52724804339082
691,henschel_2.jpg,henschel,3,-5.76786931361911,25.019037196963403
692,henschel_3.jpg,henschel,3,-27.635993698823526,13.79320550263367
693,henschel_4.jpg,henschel,1,-32.83930407956018,21.627208538273806
694,henschel_5.jpg,henschel,1,-23.287556210432122,43.952160956359585
695,henschel_6.jpg,henschel,1,-37.217621313755785,37.1684663392243
696,herbin_1.jpg,herbin,1,-34.786818310223765,34.38161321368006
697,herbin_26.jpg,herbin,21,-27.802337855480705,33.89024626406144
698,herbin_27.jpg,herbin,1,-39.81709592812268,32.706171672358586
699,herbin_28.jpg,herbin,19,-43.166528456242915,-4.574422819990779
700,herbin_3.jpg,herbin,2,-18.611538893323957,20.387770011091156
701,herbin_31.jpg,herbin,8,-7.455274722276138,38.53244659414116
702,herbin_37.jpg,herbin,11,-17.763409660797347,52.05290256259471
703,herbin_39.jpg,herbin,2,-39.22148951657873,19.174031324114235
704,herbin_4.jpg,herbin,11,-25.817824704080707,50.97733388613353
705,herbin_40.jpg,herbin,2,-26.03213742428884,13.4985004380602
706,herbin_41.jpg,herbin,19,-15.075369765808741,2.526023483664403
707,herbin_42.jpg,herbin,5,26.603076519181688,5.970404724317228
708,herbin_5.jpg,herbin,8,-3.538595024993086,50.989326374240086
709,herbin_6.jpg,herbin,2,0.9357698996219465,28.082470788247754
710,herbin_7.jpg,herbin,14,11.332871517305312,42.081149010252126
711,herbin_8.jpg,herbin,7,-1.0073340826973447,42.85310314383126
712,herbin_9.jpg,herbin,1,-45.00677437071003,35.88924885522566
713,herrera_1.jpg,herrera,7,20.336072331715698,29.652672917347115
714,herrera_2.jpg,herrera,16,7.937750632286582,-12.300387574521325
715,herrera_3.jpg,herrera,10,14.323283453755748,7.438412149383413
716,hong_1.jpg,hong,2,-20.418630192216284,13.143422173243312
717,horlain_1.jpg,horlain,3,-42.25597004150832,37.4575872295705
718,horlain_2.jpg,horlain,1,-35.856943943105215,36.1956860802692
719,horlain_3.jpg,horlain,3,-12.074303306994665,30.29537283809926
720,horlain_4.jpg,horlain,19,-3.3002464081695226,29.302285328054882
721,hugo_1.jpg,hugo,17,13.729854947700925,-22.271947152719143
722,hugo_2.jpg,hugo,17,-49.91611064945866,-18.922342742706302
723,hugo_3.jpg,hugo,3,-26.66483314313922,18.296889026944793
724,hugo_4.jpg,hugo,17,13.660492088453255,-19.755414299141506
725,huitric-nahas_1.jpg,huitric-nahas,15,-49.01020508883921,-45.91999867652657
726,hume_1.jpg,hume,1,-34.32150824782587,26.73876295076366
727,humphries_1.jpg,humphries,15,-34.542624611667286,-50.88148276086578
728,humphries_2.jpg,humphries,15,-31.78036583895736,-47.46859207048546
729,huszar_1.jpg,huszar,18,6.622873985474945,41.72982996436088
730,huszar_2.jpg,huszar,14,11.506645860865143,50.50182364852573
731,iannone_10.jpg,iannone,15,-48.56875091820258,-39.49936508853549
732,iannone_5.jpg,iannone,4,-47.09640915726884,-24.73198012369981
733,iannone_6.jpg,iannone,10,-42.23738943865112,10.388067612795185
734,iannone_7.jpg,iannone,12,11.962257855149288,8.323818962756716
735,iannone_8.jpg,iannone,12,-20.309837629771064,34.10164910519054
736,iannone_9.jpg,iannone,8,-2.041772139633968,31.025677401268453
737,ismael_1.jpg,ismael,2,-26.50240436835554,24.204646344815924
738,isou_1.jpg,isou,4,-40.64631053833111,-22.998023896427828
739,istrati_1.jpg,istrati,4,-41.94338657729992,-7.59244935283318
740,janco_1.jpg,janco,4,-45.53670877642297,-9.381988381922325
741,janicot_1.jpg,janicot,17,11.244294732938325,-25.71206512373006
742,jaray_1.jpg,jaray,16,15.456071630535034,-1.6971180942003086
743,jemek_1.jpg,jemek,13,58.58413341139902,-0.4380262947096646
744,johns_1.jpg,johns,16,7.941318847561645,-29.563701130977673
745,joong_1.jpg,joong,10,6.4067412084252995,7.4026013009163325
746,jorn_1.jpg,jorn,4,-22.945860259144457,-18.302631956332263
747,jorn_2.jpg,jorn,3,-38.87593138823946,-12.604782869115992
748,jorn_3.jpg,jorn,4,-13.098459357490492,-30.075540097963497
749,joung_1.jpg,joung,16,38.03522535819872,-1.6940138913590916
750,jung_1.jpg,jung,4,-36.15439792803853,-39.51407383119373
751,kablat_1.jpg,kablat,19,1.3031233113503369,-26.344017011874158
752,kadiweu_1.jpg,kadiweu,3,-33.49482446157764,-20.716268346416136
753,kagaya_1.jpg,kagaya,15,-20.728082994318076,-47.49694605035978
754,kagaya_2.jpg,kagaya,15,-21.736549579652802,-48.82732970596631
755,kallos_1.jpg,kallos,13,57.643461889170375,-0.899660098266108
756,kallos_2.jpg,kallos,3,-39.73672377922409,3.583664232733416
757,kalt_1.jpg,kalt,16,-26.07290998432307,-15.64608938195525
758,kandinsky_1.jpg,kandinsky,17,1.3192583412167642,25.617015480824488
759,kandinsky_10.jpg,kandinsky,19,-9.961906511595725,-5.344758344526365
760,kandinsky_11.jpg,kandinsky,19,16.875024715077735,3.2507161289860984
761,kandinsky_12.jpg,kandinsky,17,-17.63142185024801,13.953649941044162
762,kandinsky_13.jpg,kandinsky,19,-26.980631493303573,2.65752670223904
763,kandinsky_14.jpg,kandinsky,1,-51.945155620509105,34.06928586393061
764,kandinsky_16.jpg,kandinsky,4,-45.9308804997446,-3.019821390940015
765,kandinsky_17.jpg,kandinsky,10,-13.278990918854465,-3.4089272059681393
766,kandinsky_18.jpg,kandinsky,19,-11.763443761185126,-6.322929034760793
767,kandinsky_19.jpg,kandinsky,19,-11.59674072876021,-7.490453015684641
768,kandinsky_2.jpg,kandinsky,3,-14.682456059202382,6.9047790273952385
769,kandinsky_20.jpg,kandinsky,18,-23.270445621881684,33.811936350946105
770,kandinsky_21.jpg,kandinsky,19,-9.586836757301002,-0.10417344068042722
771,kandinsky_22.jpg,kandinsky,16,10.341456152978447,-17.72119503537678
772,kandinsky_23.jpg,kandinsky,17,0.11985690573423563,-9.407991860638354
773,kandinsky_24.jpg,kandinsky,17,12.43689766038814,-26.677046805169933
774,kandinsky_25.jpg,kandinsky,22,-18.351322326417474,42.783778618652086
775,kandinsky_3.jpg,kandinsky,19,-24.26025046187024,-2.0236851652948857
776,kandinsky_4.jpg,kandinsky,10,-20.38746736796602,2.050138707183513
777,kandinsky_5.jpg,kandinsky,17,-6.8900271053574285,6.419906859272292
778,kandinsky_6.jpg,kandinsky,19,-13.994180200486314,-3.100438186077416
779,kandinsky_7.jpg,kandinsky,19,-16.00533951814851,-0.16361260570945496
780,kandinsky_8.jpg,kandinsky,19,-28.264833608767002,7.264444237423376
781,kandinsky_9.jpg,kandinsky,19,-23.97423243228308,7.708228103986736
782,kapus_1.jpg,kapus,3,-23.324904762855258,-7.4690673084245605
783,katsura_1.jpg,katsura,4,-22.42182337170049,-39.834856357470485
784,katsura_2.jpg,katsura,4,-19.147000026944784,-31.71103267572948
785,katsura_3.jpg,katsura,18,9.863496079259981,31.639604259349568
786,kazuo_1.jpg,kazuo,1,-25.699786006371774,27.070226770828718
787,kelly_1.jpg,kelly,8,-7.148512769448273,40.55093383805486
788,kelly_10.jpg,kelly,17,19.160408052909283,8.886952800922037
789,kelly_11.jpg,kelly,10,21.99178995503234,1.070721095351002
790,kelly_12.jpg,kelly,8,-6.89824714762753,45.15402198299144
791,kelly_13.jpg,kelly,7,31.19130629101825,24.288324186051952
792,kelly_14.jpg,kelly,7,30.954842698437638,24.51570319089009
793,kelly_15.jpg,kelly,17,5.894284894839504,-29.726301865204874
794,kelly_2.jpg,kelly,12,-0.993761306666603,18.671056443791677
795,kelly_3.jpg,kelly,9,25.385429732847083,3.7464283460575274
796,kelly_4.jpg,kelly,3,-42.752354595826695,1.7546537386191536
797,kelly_5.jpg,kelly,28,53.29647387268346,-4.003973913958325
798,kelly_6.jpg,kelly,11,-24.064132147356542,54.92991967952214
799,kelly_7.jpg,kelly,5,24.702528382838068,15.994663309140595
800,kelly_8.jpg,kelly,11,-18.73106157417319,56.23503660366095
801,kelly_9.jpg,kelly,3,-1.094366283837318,11.947459440272201
802,kemeny_1.jpg,kemeny,4,-39.59407528359043,-39.07602364614441
803,kera_1.jpg,kera,4,-30.537809335624814,-33.75010553172209
804,kerouac_1.jpg,kerouac,16,42.096226158701896,-9.663196175254246
805,keseru_1.jpg,keseru,1,-55.97433007716855,35.00263781460318
806,khanna_1.jpg,khanna,20,-51.60814107727576,-2.3276843426451714
807,khanna_2.jpg,khanna,4,-56.943635653927494,-10.851853088231639
808,khanna_3.jpg,khanna,20,-4.3460154569936424,-31.165710241751363
809,khanna_4.jpg,khanna,3,-55.747400213483495,26.515531154756136
810,khanna_5.jpg,khanna,20,-7.119697530929926,-34.14010376653426
811,khanna_6.jpg,khanna,21,-30.892015815321614,-13.805093643901929
812,khanna_7.jpg,khanna,4,-57.035168489981764,-12.230427412176452
813,khidekel_1.jpg,khidekel,18,7.088470203536517,11.540523725310052
814,khidekel_2.jpg,khidekel,13,53.28563159276303,3.4185234159429965
815,kiefer_1.jpg,kiefer,4,-13.78121567813945,-33.13499864499388
816,kiefer_2.jpg,kiefer,4,-27.95969265690261,-42.587959060743344
817,kiefer_3.jpg,kiefer,4,-29.946911242682155,-41.42475537801409
818,kiefer_4.jpg,kiefer,4,-28.14004467767071,-43.02737638974506
819,kijno_1.jpg,kijno,19,-21.3995516757653,-3.620495429900047
820,kim_1.jpg,kim,15,-46.946802949984836,-48.61748775173756
821,kim_2.jpg,kim,17,-3.046281477679363,-30.563550377796822
822,kim_4.jpg,kim,15,-30.82256606171232,-47.16248129537326
823,kim_5.jpg,kim,17,-11.528568301724341,0.4717070496680239
824,kim_6.jpg,kim,3,-38.0891327302472,-0.36775478729332456
825,kim_7.jpg,kim,18,-15.82718491815171,-17.979024204728805
826,kim_8.jpg,kim,2,-17.92198673515458,1.421750332926652
827,kirchberger_1.jpg,kirchberger,12,43.548276134669,9.031191882494157
828,klee_1.jpg,klee,17,1.313383830438354,16.409791098631562
829,klee_10.jpg,klee,18,-2.2535273102165356,37.140866523426524
830,klee_11.jpg,klee,14,6.22360322706075,42.82652629696383
831,klee_2.jpg,klee,16,35.374014662276565,-10.129638872983763
832,klee_22.jpg,klee,15,-36.16311612356378,-50.76447558386096
833,klee_23.jpg,klee,16,-40.33231581108646,-31.450123964532
834,klee_25.jpg,klee,13,58.96746901752092,0.2565444856041833
835,klee_26.jpg,klee,16,45.364271743251194,-3.639960662115375
836,klee_32.jpg,klee,4,-35.73345123759243,-29.594501173368904
837,klee_33.jpg,klee,4,-21.12388783862053,-30.436076149404382
838,klee_9.jpg,klee,20,14.328272176148085,31.229064956382086
839,klein_1.jpg,klein,0,-28.2385639847385,-5.930293614714614
840,klein_2.jpg,klein,1,5.8315492199895775,11.949268940836047
841,klein_3.jpg,klein,5,23.067008049437618,7.158327972670787
842,klucis_1.jpg,klucis,10,-34.332931877730665,15.961403332422371
843,ko_1.jpg,ko,16,-8.520659784984732,-32.745518291092665
844,kossof_1.jpg,kossof,4,-27.33364035094777,-38.74009772715915
845,kotnik_1.jpg,kotnik,8,-28.872134809925775,34.837004240291236
846,koudriachov_1.jpg,koudriachov,2,-25.00943598129806,14.34193423665105
847,koudriachov_2.jpg,koudriachov,10,8.149006643036284,-7.524161514263239
848,krasner_1.jpg,krasner,4,-34.958963641283226,-40.43553193774276
849,krasner_2.jpg,krasner,3,-46.94655849539777,-27.35267331680388
850,kregar_1.jpg,kregar,19,21.64791219519911,-6.13402888986845
851,kregar_2.jpg,kregar,19,20.581798493481845,-4.3827036150206915
852,kulmer_1.jpg,kulmer,21,-9.80459279497837,-30.494211364282634
853,kum_1.jpg,kum,3,-49.10304647591837,11.34975242736447
854,kupka_1.jpg,kupka,11,-30.269051032428614,54.86501286347081
855,kupka_10.jpg,kupka,3,-52.07507604369355,9.045486012161179
856,kupka_11.jpg,kupka,1,-49.64593081202507,30.733557117313016
857,kupka_12.jpg,kupka,3,-46.15851085934723,-2.3619908703709274
858,kupka_13.jpg,kupka,1,-47.215078506727586,39.97884753438273
859,kupka_14.jpg,kupka,10,-4.574744876202755,6.039486338688182
860,kupka_17.jpg,kupka,1,-47.981112904500876,31.534685748334773
861,kupka_2.jpg,kupka,1,-33.70339763459031,38.33462718360755
862,kupka_3.jpg,kupka,3,-52.675191512536735,8.391004763078664
863,kupka_4.jpg,kupka,3,-52.90819781881457,22.975915313729544
864,kupka_5.jpg,kupka,3,-22.63991096375057,-20.56396357791848
865,kupka_6.jpg,kupka,19,-4.657188233353063,-1.7000512113834372
866,kupka_7.jpg,kupka,4,-45.92189319874956,-9.370383842105309
867,kupka_8.jpg,kupka,11,-45.45484524911925,38.74310236122997
868,kupka_9.jpg,kupka,1,-51.48164712679068,20.162140395639693
869,kwon_1.jpg,kwon,21,-5.703983777801874,-28.27942428956777
870,la-bourdonnaye_1.jpg,la-bourdonnaye,5,41.61907750987328,-1.0313051175663552
871,labs_1.jpg,labs,15,-45.96790612560399,-35.01257434631953
872,laloy_1.jpg,laloy,4,-34.46233257813756,-33.31087778412527
873,lamarche_1.jpg,lamarche,4,-25.389912085023358,-14.79860193218645
874,lamba_1.jpg,lamba,16,35.82690684249958,-5.056600774327009
875,lanyon_1.jpg,lanyon,3,-30.157661910335904,9.348948812853699
876,lanyon_2.jpg,lanyon,3,-19.5611430737576,26.624012717264492
877,laubies_1.jpg,laubies,16,43.35016109865423,-11.366918021725235
878,laubies_2.jpg,laubies,10,-2.392580577316142,-0.4507174596523367
879,lazzari_1.jpg,lazzari,4,-13.504086756864476,-44.17089289129715
880,le-corbusier_1.jpg,le-corbusier,19,-22.006648274597413,-1.3874715488211278
881,le-moal_2.jpg,le-moal,19,-33.04772113031556,-4.935293336186647
882,le-moal_4.jpg,le-moal,19,-28.807798060242582,-1.427783029014293
883,le-parc_1.jpg,le-parc,16,-54.345553814434794,-34.53328172848714
884,le-parc_2.jpg,le-parc,1,-58.009500792577235,3.380588639216139
885,le-parc_3.jpg,le-parc,18,-13.562378288406357,38.11462150823901
886,leadbeater_1.jpg,leadbeater,10,-37.59371777731618,16.714275789335858
887,leadbeater_2.jpg,leadbeater,10,-37.220638992649896,15.330092630168023
888,leadbeater_3.jpg,leadbeater,3,-27.720513358741318,0.30987080630936664
889,leclercq_1.jpg,leclercq,18,12.71666114475481,35.57070970890687
890,lee_1.jpg,lee,4,-37.95399042840461,-17.674696727872476
891,lee_2.jpg,lee,4,-54.22304303575073,-10.215805933479258
892,lee_3.jpg,lee,4,-44.51043911815712,-7.958008540847805
893,lee_4.jpg,lee,5,45.48543494034606,6.201089843899364
894,lee_5.jpg,lee,2,-1.9024218088550706,-21.48005791788985
895,lee_6.jpg,lee,2,-15.793187858659644,14.926373633840239
896,leger-f_16.jpg,leger-f,3,-41.83477684223494,6.617301175891505
897,leger-f_17.jpg,leger-f,3,-52.86659329148823,19.09894475727588
898,leger-f_21.jpg,leger-f,18,-9.571545403895984,37.749069410260674
899,leger-f_23.jpg,leger-f,3,-27.903731044626692,11.133856198676787
900,leger-f_24.jpg,leger-f,18,12.6688754085841,42.48429009155741
901,leger-f_25.jpg,leger-f,21,-29.504429951931805,-13.581692765942227
902,leger-f_40.jpg,leger-f,14,8.829071087291204,51.97735930494114
903,leger-f_41.jpg,leger-f,1,-49.575193049793164,15.98888338825949
904,leger-f_6.jpg,leger-f,4,-9.800672482928324,-42.12314553004618
905,leger-f_7.jpg,leger-f,3,-50.60868336245847,-3.5035206204521607
906,leger-f_8.jpg,leger-f,3,-47.98481669963095,-6.082399553933968
907,leger-f_9.jpg,leger-f,1,-57.630271612669986,33.61746328340582
908,leger-n_10.jpg,leger-n,1,-30.804006001257402,25.11834856819864
909,leger-n_11.jpg,leger-n,2,-31.95273097372117,14.341252976643194
910,leger-n_25.jpg,leger-n,1,-43.004494095582906,26.34506048025722
911,leger-n_27.jpg,leger-n,1,-25.198518523032774,41.08772634186225
912,leger-n_30.jpg,leger-n,1,-51.24517326300892,22.81755935339742
913,leger-n_31.jpg,leger-n,10,-45.115860689507784,11.01593656482887
914,leger-n_33.jpg,leger-n,2,-22.816458531617442,10.867854991854996
915,leger-n_34.jpg,leger-n,10,-43.65438175089673,10.208406093439198
916,leger-n_35.jpg,leger-n,19,-20.62424238336512,7.621943903761384
917,leger-n_36.jpg,leger-n,17,10.200025821799658,-1.31209059134589
918,leger-n_37.jpg,leger-n,10,-22.097580245385156,4.109809659884151
919,leger-n_6.jpg,leger-n,11,-31.206240617471742,50.90313203251804
920,leger-n_7.jpg,leger-n,1,-42.808768140952644,26.225765995895717
921,lemonnier_1.jpg,lemonnier,15,-42.09239910915818,-41.01079590319722
922,lemonnier_2.jpg,lemonnier,14,19.85216934101925,42.10367602839595
923,lerin_1.jpg,lerin,2,5.229050010786471,-17.70421285717198
924,lerin_2.jpg,lerin,2,1.000083847238615,-2.957085359040401
925,leroy_11.jpg,leroy,4,-9.39324392572292,-40.12207064458205
926,leroy_12.jpg,leroy,4,-26.976229256496165,-40.90201008565368
927,leroy_13.jpg,leroy,4,-31.993135824754685,-39.43167527911271
928,leroy_14.jpg,leroy,4,-24.862461255745412,-42.11419512989775
929,leroy_16.jpg,leroy,4,-16.075823376288294,-40.39739987304982
930,leroy_17.jpg,leroy,4,-13.478597949546423,-33.75509938336337
931,leroy_18.jpg,leroy,15,-31.315238603939708,-45.400442359180296
932,leroy_19.jpg,leroy,4,-28.90854210947669,-41.74410140128788
933,leroy_2.jpg,leroy,4,-29.809084048862296,-36.464750953420435
934,leroy_20.jpg,leroy,4,-2.2241183551876547,-39.12626425975519
935,leroy_21.jpg,leroy,4,-2.9477293027679288,-39.490568819610566
936,leroy_4.jpg,leroy,4,-28.600475919528428,-39.597412583738056
937,leroy_7.jpg,leroy,4,-17.081566244505463,-40.173760091693694
938,leroy_8.jpg,leroy,4,-21.95924873558946,-35.64149139067299
939,leroy_9.jpg,leroy,4,-35.83513407461049,-19.615181088068056
940,lesage_11.jpg,lesage,20,-25.94821143979678,-24.332775630908227
941,lesage_12.jpg,lesage,20,-30.361397347612947,-22.33615976173985
942,lesage_13.jpg,lesage,4,-28.872089616640768,-24.886968316798544
943,lesage_14.jpg,lesage,4,-26.441695406914004,-24.877002191887293
944,lesage_15.jpg,lesage,20,-29.41390985630966,-23.866630406440056
945,lesage_24.jpg,lesage,4,-40.86107724562951,-40.55686866081558
946,lesage_3.jpg,lesage,4,-34.14377743758799,-44.8416349844585
947,lesage_4.jpg,lesage,15,-35.78042965735376,-48.3572988333538
948,lesage_5.jpg,lesage,1,-33.97848505192726,-49.230667998172066
949,lesage_7.jpg,lesage,15,-35.25379025296564,-49.08431269490134
950,lesage_9.jpg,lesage,15,-33.32768120547199,-49.23455981156533
951,leslie_1.jpg,leslie,5,38.75978464577999,-1.0440055303824356
952,lewis_1.jpg,lewis,3,-54.41315680607962,-17.43620486182027
953,lichtenberg-1.jpg,lichtenberg-1.jpg,4,-22.836874392693833,-39.97386576662937
954,lichtenberg-2.jpg,lichtenberg-2.jpg,4,-21.96356592685145,-34.93767581957384
955,lichtenberg-3.jpg,lichtenberg-3.jpg,4,-51.09756172298577,-13.591464685511875
956,licini_1.jpg,licini,20,-10.195920217281099,-17.9381069888273
957,licini_2.jpg,licini,19,-17.70532293700614,3.1518841058559306
958,licini_3.jpg,licini,7,24.668376639056877,2.526174532263435
959,lipchitz_9.jpg,lipchitz,2,-14.242181022456304,17.38652220323853
960,loazzari_2.jpg,loazzari,17,8.993898392964445,-27.563401525567734
961,long_1.jpg,long,17,5.980920833039605,-23.816779744824718
962,loubchansky_1.jpg,loubchansky,8,-9.946388780917644,44.31438582361631
963,loubchansky_2.jpg,loubchansky,17,-6.883145400595505,-9.896140858572826
964,loubchansky_3.jpg,loubchansky,12,14.023018241071183,18.143426732958673
965,lupertz_1.jpg,lupertz,28,-3.9182374522984036,-4.542341947132299
966,lussigny_1.jpg,lussigny,14,22.92068246379684,35.84204231474939
967,lussigny_2.jpg,lussigny,7,26.108142258463886,28.526988319434953
968,maar_16.jpg,maar,5,48.94696735767769,1.932274560576052
969,maar_17.jpg,maar,5,-10.568120197978086,-0.478479575628447
970,maar_18.jpg,maar,16,18.745841832609614,-15.882002632638363
971,maar_19.jpg,maar,16,15.144432705983203,-18.67268098688733
972,maar_20.jpg,maar,18,11.365344125124592,39.050683239951866
973,maar_21.jpg,maar,3,-37.85034784620958,10.927264871951566
974,maar_22.jpg,maar,3,-55.678665335473355,3.5453549171334666
975,maar_23.jpg,maar,16,34.548692837299136,-11.509179599699896
976,magnelli_1.jpg,magnelli,10,-8.032906120981947,1.5596499972763673
977,magnelli_10.jpg,magnelli,8,-11.4442442054762,26.465819981898054
978,magnelli_2.jpg,magnelli,1,-40.28492654327964,32.25540566137085
979,magnelli_3.jpg,magnelli,19,3.4773689660930183,15.003488567579803
980,magnelli_4.jpg,magnelli,10,-32.21473904353,28.565464096756287
981,magnelli_5.jpg,magnelli,1,-41.378745782944385,31.76505197041549
982,magnelli_6.jpg,magnelli,14,2.4879817531427038,45.188274410657755
983,magnelli_7.jpg,magnelli,11,-30.25589567801209,48.54111881311971
984,magnelli_8.jpg,magnelli,18,16.970842696246446,27.005859568190843
985,magnelli_9.jpg,magnelli,16,36.07261040762322,-2.60475217131398
986,malaprade_1.jpg,malaprade,8,-9.943553313131709,46.55998434643294
987,malaprade_2.jpg,malaprade,14,-2.0013396385269893,53.005799431325144
988,malaprade_3.jpg,malaprade,14,11.256147699050656,49.54716012771159
989,malevitch_1.jpg,malevitch,8,-13.482628574296683,31.131701187286943
990,malevitch_10.jpg,malevitch,3,-51.915549910351245,1.7051082568263363
991,malevitch_11.jpg,malevitch,8,-6.460484857527656,39.300922679596496
992,malevitch_12.jpg,malevitch,27,-39.663668834015645,-8.791826092404731
993,malevitch_2.jpg,malevitch,10,-11.93802008012975,0.4863032765331043
994,malevitch_3.jpg,malevitch,20,-30.816933335008684,-8.64317423390392
995,malevitch_4.jpg,malevitch,14,19.905893885687487,44.398780220910375
996,malevitch_7.jpg,malevitch,3,-43.17383128025148,17.672794748574532
997,malevitch_8.jpg,malevitch,1,-36.83567642826787,26.79189306242133
998,mallo_2.jpg,mallo,1,-39.910424170135734,31.415173168292018
999,mallo_3.jpg,mallo,18,4.9494751056726844,14.33242742278581
1000,manessier_1.jpg,manessier,1,-49.31503174194881,39.956265984612024
1001,manessier_2.jpg,manessier,11,-31.056761773081845,52.402915150620174
1002,manessier_3.jpg,manessier,1,-33.676719216756545,42.854203486635804
1003,manzoni_1.jpg,manzoni,16,31.953758093834885,-12.328675277969568
1004,marclay_1.jpg,marclay,4,-35.34419941961551,-37.00595808373121
1005,marclay_2.jpg,marclay,18,17.163201751143927,0.9380403142288658
1006,marclay_3.jpg,marclay,1,-24.179693431351176,38.872718705366566
1007,marclay_4.jpg,marclay,4,6.4907941449634174,-22.38616455457868
1008,marclay_5.jpg,marclay,4,-58.22872109268873,-6.7423601680117695
1009,marclay_6.jpg,marclay,4,-28.708549497894047,-40.846229995870445
1010,marclay_7.jpg,marclay,4,-55.08118545684197,-16.858356115747778
1011,marclay_9.jpg,marclay,4,-7.340038829933527,-16.478985228795672
1012,marden_1.jpg,marden,11,-5.043974757633036,50.19049244887375
1013,marden_2.jpg,marden,3,-20.87816927754323,-8.562421803289853
1014,marden_3.jpg,marden,15,-41.95955550213009,-34.7123467600082
1015,marfaing_1.jpg,marfaing,19,-26.94833267420753,-13.619840243757508
1016,marfaing_2.jpg,marfaing,5,42.83116757639265,5.069100816552537
1017,marfaing_3.jpg,marfaing,19,-24.904297912217455,-11.172202505770386
1018,marfaing_4.jpg,marfaing,5,40.35429618152006,6.537584507099327
1019,marquette_1.jpg,marquette,18,8.48654173074327,34.088015736078646
1020,massanet_1.jpg,massanet,5,40.60726764856839,-8.65082530783827
1021,masson_1.jpg,masson,17,-5.446786820775314,-17.818311577989434
1022,masson_11.jpg,masson,16,33.222532865190246,-8.800321805443835
1023,masson_12.jpg,masson,19,-23.001453956995643,-2.3220662595487407
1024,masson_13.jpg,masson,19,-19.03997616533539,-0.7266801674486796
1025,masson_2.jpg,masson,3,-7.952379287794229,14.58412987600387
1026,masson_4.jpg,masson,27,-49.955695858641434,-3.1012766599332315
1027,masson_5.jpg,masson,17,10.964208732855953,-5.750152747253551
1028,masson_8.jpg,masson,17,-50.52981491740636,-18.953688409628704
1029,mathieu_1.jpg,mathieu,16,34.305817960968675,-9.455538260462427
1030,mathieu_10.jpg,mathieu,21,-32.31668893177763,-26.58296510634791
1031,mathieu_16.jpg,mathieu,17,-42.38172446551152,-0.1022699200702445
1032,mathieu_19.jpg,mathieu,18,11.409100263665156,35.21417028009124
1033,mathieu_27.jpg,mathieu,17,15.640494128313799,-32.15336770879197
1034,mathieu_3.jpg,mathieu,4,-56.15217387061895,-9.404539321232038
1035,mathieu_5.jpg,mathieu,4,-54.68518340547768,-7.511703087468048
1036,mathieu_7.jpg,mathieu,3,-46.48771312699562,-12.642255252172365
1037,matisse_20.jpg,matisse,7,14.02927134832351,30.596597653426617
1038,matta_1.jpg,matta,19,-7.044637441835474,-28.940186386007756
1039,matta_2.jpg,matta,19,-17.88220226466975,-3.7234258022629763
1040,matta_3.jpg,matta,17,-15.91596651026937,-2.388384301082401
1041,matta_4.jpg,matta,19,-31.749938432708515,-10.608032905783169
1042,matta_5.jpg,matta,19,-36.05335806821166,-0.3830230262928502
1043,matta_6.jpg,matta,17,-22.382019591357523,-6.921836729899563
1044,mauri_1.jpg,mauri,14,13.152788670481687,50.252776876288515
1045,mehadji_10.jpg,mehadji,2,7.039827849190965,1.069167452618165
1046,mehadji_11.jpg,mehadji,0,-28.266140105551656,-23.480773677603235
1047,mehadji_16.jpg,mehadji,17,-1.2175929652406474,21.016246240145406
1048,mehadji_17.jpg,mehadji,2,-4.668039593015297,4.969018789199822
1049,mehadji_18.jpg,mehadji,19,-4.8750290289822145,-8.833225739035777
1050,mehadji_2.jpg,mehadji,19,-15.37638190024,-1.7290602489576365
1051,mehadji_30.jpg,mehadji,18,2.2821226423185315,-23.642881191915247
1052,mehadji_32.jpg,mehadji,12,-7.806907855240021,19.12337763882448
1053,mehadji_6.jpg,mehadji,0,-26.82393404875445,-28.588651598019045
1054,mehretu_1.jpg,mehretu,19,-27.964651592811656,-4.089319455032582
1055,meijer_1.jpg,meijer,16,10.139766738967932,-23.450050700823766
1056,meijer_2.jpg,meijer,18,-10.84190111853038,30.38853190741743
1057,melehi_1.jpg,melehi,2,-27.35894859054983,19.382669513487485
1058,merz_1.jpg,merz,5,46.42897623617244,5.062625763853467
1059,messagier_1.jpg,messagier,16,35.247120134947146,-8.85854179249501
1060,messagier_2.jpg,messagier,19,-4.228572899798716,-13.723946637355706
1061,messagier_3.jpg,messagier,3,-11.173408654562014,24.602354223427362
1062,meurice_1.jpg,meurice,11,-25.274278902620757,55.64964066809875
1063,michaux_1.jpg,michaux,5,40.497109016371915,-3.0709636722082534
1064,michaux_11.jpg,michaux,4,-33.40412770129594,-34.758616953301726
1065,michaux_12.jpg,michaux,17,14.154763856697706,2.1049909270013023
1066,michaux_13.jpg,michaux,4,-34.176764427160215,-31.145241615271082
1067,michaux_14.jpg,michaux,17,-4.422912180648243,-4.772637114718984
1068,michaux_15.jpg,michaux,19,-34.246088872115635,-1.2114274892805945
1069,michaux_2.jpg,michaux,0,-28.275330776329223,-28.406881563525623
1070,michaux_3.jpg,michaux,3,-34.33283943692043,-26.118906818645886
1071,michaux_4.jpg,michaux,3,-4.40990939465341,-41.593986837476095
1072,michaux_5.jpg,michaux,3,-47.46516992897704,-5.81737862169361
1073,michaux_6.jpg,michaux,16,9.768751027762063,-20.540797655027024
1074,michaux_7.jpg,michaux,0,-17.431072006289813,-18.357236024880226
1075,millares_1.jpg,millares,18,-33.23482543871125,-9.713933091404689
1076,min_1.jpg,min,1,-30.73709528856923,43.89376787994442
1077,min_10.jpg,min,2,-46.03481478405193,19.54328195493159
1078,min_2.jpg,min,18,6.3066771127064705,32.157857551332405
1079,min_3.jpg,min,18,-32.11617865165766,40.871963128420454
1080,min_4.jpg,min,11,-42.37690521793795,43.892630699777456
1081,min_5.jpg,min,21,-17.244542268885738,-41.59194768138923
1082,min_6.jpg,min,1,-40.77556949616232,34.54370161572036
1083,min_7.jpg,min,19,15.446370481060947,-12.695749575911151
1084,min_8.jpg,min,17,-8.135104777721109,4.979279304747955
1085,min_9.jpg,min,19,6.666839451094685,-7.097117839883786
1086,minoru_1.jpg,minoru,4,14.850979764740874,-30.287358014477473
1087,miro_1.jpg,miro,17,9.699668366881415,-14.129367242390892
1088,miro_10.jpg,miro,17,1.994620013319008,-12.622495629320163
1089,miro_11.jpg,miro,17,-10.80119881351193,9.59749311730232
1090,miro_12.jpg,miro,19,10.797538568274675,2.5665646193805847
1091,miro_13.jpg,miro,4,-18.6009952999326,-12.8867089139494
1092,miro_14.jpg,miro,4,-38.94277020251967,-27.408962039624647
1093,miro_16.jpg,miro,4,-14.139249207379967,-16.737538814898123
1094,miro_2.jpg,miro,4,-40.38227698765802,-21.356811508957907
1095,miro_3.jpg,miro,17,1.2490191430880675,2.9189055136681823
1096,miro_4.jpg,miro,17,0.8846996387515835,4.710072168477445
1097,miro_5.jpg,miro,17,1.357577932995407,2.3516702436456267
1098,miro_7.jpg,miro,4,-47.524769600695755,-21.08696164548542
1099,miro_8.jpg,miro,20,5.870901478330555,-28.049119874107678
1100,miro_9.jpg,miro,3,-21.252195683226432,29.286101549587798
1101,mitchell_1.jpg,mitchell,27,-39.27532499021925,-7.038373806672724
1102,mitchell_10.jpg,mitchell,19,-2.944859056694943,-5.940609617503204
1103,mitchell_11.jpg,mitchell,19,-5.294467578422933,-11.786720611224837
1104,mitchell_12.jpg,mitchell,4,-33.98107339461383,-9.879545549739001
1105,mitchell_13.jpg,mitchell,19,-15.205183163077333,-7.573660756689009
1106,mitchell_14.jpg,mitchell,27,-35.409347594188546,-1.9348315975738561
1107,mitchell_15.jpg,mitchell,3,-36.76043782569764,5.392870405940667
1108,mitchell_16.jpg,mitchell,4,-51.36974033616066,-8.682688855671614
1109,mitchell_17.jpg,mitchell,4,-38.59513729155068,-13.035419342315139
1110,mitchell_18.jpg,mitchell,19,-27.455158931601986,-5.736177669219165
1111,mitchell_19.jpg,mitchell,0,-34.35222530194678,-6.002496386361356
1112,mitchell_2.jpg,mitchell,4,-27.68047005398783,-30.785092433201168
1113,mitchell_20.jpg,mitchell,3,-34.604274415132984,4.757493722010492
1114,mitchell_21.jpg,mitchell,27,-51.01190195974175,-3.4543743385281953
1115,mitchell_22.jpg,mitchell,3,-37.28344738760387,10.579800689575384
1116,mitchell_23.jpg,mitchell,3,-39.759739486732336,-4.441404491489177
1117,mitchell_24.jpg,mitchell,16,21.207224256167315,-7.21448106001489
1118,mitchell_25.jpg,mitchell,3,-36.60559946855435,-2.376286541350196
1119,mitchell_26.jpg,mitchell,3,-25.142567181957993,27.943986195904866
1120,mitchell_27.jpg,mitchell,3,-47.22250869363024,-0.7808203010139183
1121,mitchell_28.jpg,mitchell,3,-40.72316582796032,-3.281337379158071
1122,mitchell_29.jpg,mitchell,3,-36.50134266853132,-6.5640596273592555
1123,mitchell_3.jpg,mitchell,19,-3.1016425533671934,-8.490752325676404
1124,mitchell_30.jpg,mitchell,1,-54.49636791497253,35.52518520247262
1125,mitchell_31.jpg,mitchell,3,-52.890954526345446,29.751180185989373
1126,mitchell_4.jpg,mitchell,27,-0.3391891619381209,-11.941781245998612
1127,mitchell_5.jpg,mitchell,19,-2.317375869709678,-11.87707541706272
1128,mitchell_6.jpg,mitchell,19,-27.81524670106994,-12.912402588906204
1129,mitchell_7.jpg,mitchell,16,2.992065394409501,-14.230030344456187
1130,mitchell_8.jpg,mitchell,19,-20.356408488271263,-5.3573924809163405
1131,mitchell_9.jpg,mitchell,4,-40.60974300804246,-10.119882366536459
1132,moholy-nagy_1.jpg,moholy-nagy,17,7.409938873000671,10.371080810653684
1133,moholy-nagy_2.jpg,moholy-nagy,10,0.22276139941554704,-13.481653895332087
1134,moignard_1.jpg,moignard,17,-4.078276488340699,-7.572489359390438
1135,moignard_2.jpg,moignard,3,-9.94015251843518,0.8544457038535203
1136,moignard_3.jpg,moignard,17,-23.868527392899704,6.974773098609289
1137,moignard_4.jpg,moignard,10,-31.118514288558924,9.38096340928607
1138,molinero_1.jpg,molinero,4,-38.5172959666123,-35.35030205930747
1139,molinero_2.jpg,molinero,4,-36.85971514740937,-34.57875352204296
1140,molnar_1.jpg,molnar,14,25.209364911433656,35.10448834361429
1141,mondrian_10.jpg,mondrian,18,6.445668033615174,34.61514976089688
1142,mondrian_13.jpg,mondrian,14,13.651328944494734,47.709278456897785
1143,mondrian_14.jpg,mondrian,14,9.7329737636889,51.998932589900214
1144,mondrian_15.jpg,mondrian,14,11.154682611496712,51.57499080639363
1145,mondrian_16.jpg,mondrian,18,13.00849965860239,43.7432286846119
1146,mondrian_17.jpg,mondrian,18,13.23949075521711,44.32898066330038
1147,mondrian_27.jpg,mondrian,14,10.06278203220439,48.978779046173564
1148,mondrian_7.jpg,mondrian,1,-57.07004948904369,34.80873318301514
1149,mondrian_8.jpg,mondrian,4,-11.703965084215804,-44.67080210158438
1150,monory_1.jpg,monory,16,0.6697264803103288,21.661340897717015
1151,mont_1.jpg,mont,13,57.7907036659526,0.9260350332307513
1152,montalcini_1.jpg,montalcini,4,-27.443852393390152,-40.810379073285254
1153,montanier_1.jpg,montanier,18,-30.692417617862635,25.494337816107244
1154,montanier_2.jpg,montanier,19,-20.899665463555227,-0.07937989206884638
1155,montanier_3.jpg,montanier,3,-40.40813370940081,21.289339024560256
1156,montanier_4.jpg,montanier,1,-35.967803071219244,35.24689310949557
1157,moon_1.jpg,moon,4,-33.302898851368155,-39.89985657704326
1158,morellet_1.jpg,morellet,15,-38.14125496753804,-49.26930098934136
1159,morellet_2.jpg,morellet,14,12.748473930613038,50.982417133884425
1160,morellet_3.jpg,morellet,12,-21.290953033597546,10.857267718113052
1161,morellet_4.jpg,morellet,10,-11.234492720269076,2.1290307739299887
1162,morellet_5.jpg,morellet,17,-58.19710222710796,-28.791241678182303
1163,morellet_6.jpg,morellet,15,-44.89670817932381,-48.66123789952692
1164,moreni_1.jpg,moreni,3,-29.453762116721997,13.734899202097333
1165,mortensen_1.jpg,mortensen,18,-18.77665338178099,6.731097799510907
1166,murillo_1.jpg,murillo,3,-38.89343351497724,24.963905999631084
1167,music_1.jpg,music,17,9.642229755881965,-37.71015281764015
1168,music_2.jpg,music,17,3.3866130436927633,7.290785263518858
1169,music_3.jpg,music,17,12.386830279596817,-8.836072542733753
1170,napangardi_1.jpg,napangardi,15,-45.37879727589942,-47.462337425435976
1171,napangardi_2.jpg,napangardi,15,-47.27680226284148,-49.15672354369981
1172,napangardi_3.jpg,napangardi,15,-47.40014295457743,-48.71632439880443
1173,nasseri_1.jpg,nasseri,15,-44.820128157885065,-49.30841949386466
1174,nassyo_1.jpg,nassyo,4,-43.06179712672735,-12.590988124613093
1175,nassyo_2.jpg,nassyo,4,-43.78291556192765,-5.657727959084124
1176,nay_1.jpg,nay,19,-47.51541459069999,-9.388864175802485
1177,nemours_1.jpg,nemours,12,-19.8618900057755,34.73847200239078
1178,newman_1.jpg,newman,12,-31.04639813113441,22.107163920367228
1179,newman_2.jpg,newman,21,-18.768778041021054,-48.074398679187894
1180,newman_3.jpg,newman,1,10.58286101500215,-37.91208013354238
1181,nishida_1.jpg,nishida,15,-23.966315390446532,-48.35598101139291
1182,nkanga_17.jpg,nkanga,10,-8.90758168369569,5.594401604598514
1183,nkanga_19.jpg,nkanga,10,-0.8788362208704039,11.204166238898999
1184,nkanga_25.jpg,nkanga,2,-13.289277732217393,15.698737525277037
1185,nkanga_3.jpg,nkanga,4,-27.20850219901281,-15.485535510376073
1186,noel_1.jpg,noel,10,13.265503599217181,6.60156591928479
1187,noel_2.jpg,noel,4,-25.018797154014504,-38.359456798925436
1188,noel_3.jpg,noel,4,-31.46896767136018,-35.59338087057092
1189,noel_4.jpg,noel,4,-8.555868640786962,-30.32046077734773
1190,novelli_1.jpg,novelli,17,8.88079274773769,-35.67531240504473
1191,oba_1.jpg,oba,3,-29.695051119596872,13.008734603591252
1192,oehlen_1.jpg,oehlen,19,24.19850410911384,-4.122249590932526
1193,oehlen_3.jpg,oehlen,3,-29.957665190272806,12.445905945248454
1194,oelze_1.jpg,oelze,19,-26.08295521903525,-7.07801019210698
1195,okamura_1.jpg,okamura,17,-19.848636869524142,-5.272700456229712
1196,omigakuen_1.jpg,omigakuen,15,-45.11766842090793,-39.785683873238526
1197,omigakuen_2.jpg,omigakuen,15,-48.812363266774696,-43.23265914238279
1198,onslow-ford_1.jpg,onslow-ford,3,-33.74909831693017,17.484569698441103
1199,opoku_1.jpg,opoku,4,-42.7546615076021,-0.7592650494079887
1200,paek_1.jpg,paek,17,-8.853940952028733,-22.298736700674997
1201,pagava_1.jpg,pagava,16,43.72785576111158,-4.576727081782046
1202,pagava_2.jpg,pagava,11,-8.984153282749494,52.025668808452735
1203,pagava_3.jpg,pagava,18,31.129290832792073,-3.8360325328369864
1204,pagava_5.jpg,pagava,16,45.913729648085706,-4.901712766523554
1205,pages_1.jpg,pages,7,32.21032653552146,14.45119786098743
1206,pages_99.jpg,pages,16,-38.58217708995576,-25.850442594872625
1207,pailhorpe_1.jpg,pailhorpe,16,10.852224497369354,-7.65980778012544
1208,pailthorpe_1.jpg,pailthorpe,19,4.830204890947403,17.897451796005733
1209,palencia_1.jpg,palencia,17,-12.897644844392843,-25.3655673441252
1210,palencia_2.jpg,palencia,17,-56.70946664768093,-8.534647356815855
1211,palmer_1.jpg,palmer,4,-38.85833065797075,-26.536435972598916
1212,pannaggi_1.jpg,pannaggi,1,2.08646509388785,13.727944801293189
1213,papazoff_1.jpg,papazoff,17,-7.586129003067975,-30.796596787722926
1214,paressant-tual_1.jpg,paressant-tual,3,-30.871202253337188,29.148810703570888
1215,park_1.jpg,park,19,14.856390633499952,-2.870485189806886
1216,parmeggiani_1.jpg,parmeggiani,19,19.6685120477252,-2.745654311897406
1217,parmentier_1.jpg,parmentier,5,30.450265834092228,1.4717011798372648
1218,parmentier_2.jpg,parmentier,5,48.54345911252234,-2.098062728505163
1219,patel_1.jpg,patel,17,-18.251790073493527,-3.156158164683485
1220,paternosto_1.jpg,paternosto,17,12.653863021001968,-27.04627585761599
1221,patricio_1.jpg,patricio,15,-36.939857221402484,-50.16874915717516
1222,peire_1.jpg,peire,11,-26.96906406658286,58.751951702672855
1223,penone_1.jpg,penone,15,-37.96383023909405,-50.428645226234266
1224,perilli_1.jpg,perilli,1,-52.87243555069507,24.18307413877541
1225,perl_1.jpg,perl,10,2.2579849087980666,-2.3501073530393812
1226,perrament_1.jpg,perrament,27,-41.5303363862881,2.3841811426176553
1227,petyarre_1.jpg,petyarre,15,-21.542478315525752,-48.81335000399521
1228,phase-2_1.jpg,phase-2,19,-8.569801935977617,-15.999136197246461
1229,picabia_1.jpg,picabia,24,9.397117811943824,11.152495287534173
1230,picabia_10.jpg,picabia,19,-36.66499166201011,-0.6501355192360478
1231,picabia_2.jpg,picabia,21,-25.74577839082393,32.793781401105996
1232,picabia_3.jpg,picabia,3,-46.175024896535625,13.042144087596263
1233,picabia_4.jpg,picabia,18,-5.874639784696453,-10.269309505091451
1234,picabia_5.jpg,picabia,17,1.387706652715179,24.848803884548673
1235,picabia_6.jpg,picabia,10,-2.8750603082134116,8.196586720385161
1236,picabia_7.jpg,picabia,17,12.612541157130924,7.788433368757398
1237,picasso_1.jpg,picasso,1,-29.111564725394818,48.47021490529336
1238,picasso_11.jpg,picasso,21,-39.1791598424521,27.746421564283693
1239,picasso_12.jpg,picasso,1,-27.32335477012898,48.56305631015991
1240,picasso_2.jpg,picasso,17,1.7295969351283589,21.289318987501204
1241,picasso_23.jpg,picasso,4,-31.75383943490043,-10.671955748103704
1242,picasso_4.jpg,picasso,3,-23.479357744531878,-7.492136128645217
1243,picasso_6.jpg,picasso,20,-31.307956322333432,-0.4353444114208342
1244,piffaretti_1.jpg,piffaretti,14,12.287037343588006,49.66553275322537
1245,piffaretti_2.jpg,piffaretti,18,17.806398746036983,40.23947779211184
1246,piffaretti_3.jpg,piffaretti,12,-22.835773730779973,33.01069859501811
1247,podgornik_1.jpg,podgornik,17,-22.115570254176966,1.5990767642466686
1248,poliakof_1.jpg,poliakof,17,-51.97081924367052,9.529237646289317
1249,poliakoff_2.jpg,poliakoff,3,-21.02479745276951,26.24352037153023
1250,poliakoff_3.jpg,poliakoff,19,1.7749966712748972,26.96456873820358
1251,poliakoff_4.jpg,poliakoff,3,-2.6590414182419764,25.875103590631987
1252,poliakoff_5.jpg,poliakoff,1,-3.78228888170894,30.938844493887455
1253,poliakoff_6.jpg,poliakoff,3,-2.597444819598165,23.994209444064474
1254,polke_1.jpg,polke,17,-8.840354001740423,-20.689096553026022
1255,polke_2.jpg,polke,19,14.489226006448463,-2.9170019930580136
1256,polke_3.jpg,polke,13,52.48474906377145,2.703214279507746
1257,polke_4.jpg,polke,18,0.43110326497860263,36.59049320925445
1258,pollock-3.jpg,pollock-3.jpg,15,-56.5124403589867,-59.07272960501294
1259,pollock_1.jpg,pollock,15,-40.79115912524836,-45.83701442579627
1260,pollock_10.jpg,pollock,15,-56.356735112467426,-58.90769668007896
1261,pollock_12.jpg,pollock,15,-54.86515950028415,-57.60132050384419
1262,pollock_13.jpg,pollock,15,-57.081491607110536,-59.45315629084598
1263,pollock_2.jpg,pollock,4,-35.719533760051526,-32.58180010549512
1264,pollock_4.jpg,pollock,15,-57.59070489164927,-59.85680130418649
1265,pollock_5.jpg,pollock,15,-56.877067999357294,-59.29029045091436
1266,pollock_7.jpg,pollock,15,-57.79034828239325,-60.0
1267,pollock_8.jpg,pollock,15,-57.33423710773384,-59.7083621467741
1268,pollock_9.jpg,pollock,15,-56.313351613104125,-58.68422181913197
1269,pons_1.jpg,pons,18,4.298917357196665,34.600724465558656
1270,popova_1.jpg,popova,2,-44.701477296588365,19.177433000216794
1271,popova_2.jpg,popova,3,-35.64327009160782,-10.630961466590445
1272,popova_3.jpg,popova,3,-41.082129928023875,1.4058979365900808
1273,prampolini_1.jpg,prampolini,7,22.981138753690395,7.730000680617788
1274,prampolini_2.jpg,prampolini,19,-4.315720939545115,-6.277438745458161
1275,prampolini_3.jpg,prampolini,17,-9.248245995541135,5.055261373994823
1276,prampolini_4.jpg,prampolini,3,-25.39101932050595,19.095239442663033
1277,prampolini_5.jpg,prampolini,19,-21.296176966495924,9.496131800794588
1278,pressager_1.jpg,pressager,19,-35.43216198615449,-5.872938303827246
1279,pressager_2.jpg,pressager,19,-38.03169617348799,-4.822319773300714
1280,prevati_1.jpg,prevati,5,47.95854502136221,7.803743223187262
1281,proweller_1.jpg,proweller,12,-22.11278881290901,26.311611846921437
1282,rae_1.jpg,rae,27,-39.66656531273633,-7.526612200716821
1283,rahon_1.jpg,rahon,21,-40.86012818664444,-33.4878204286988
1284,rahon_2.jpg,rahon,4,-16.75686070871493,-46.45631368180357
1285,rama_1.jpg,rama,4,-51.0440590362621,-16.846477222352927
1286,rama_2.jpg,rama,16,4.343567090236164,-26.0722374254835
1287,rama_3.jpg,rama,13,55.43661215523387,-0.6328635743310737
1288,rawsthorne_1.jpg,rawsthorne,1,-44.70943953170992,41.50378597790423
1289,redon_2.jpg,redon,17,9.32643345995784,-38.23655718524636
1290,redon_3.jpg,redon,17,9.195236326472044,-38.277170762637574
1291,reggiani_1.jpg,reggiani,10,-17.07682197670019,6.812130748951738
1292,reigl_1.jpg,reigl,16,35.6969535514715,-10.555871817127626
1293,reigl_2.jpg,reigl,19,-18.618269406005144,-34.85538978328598
1294,reigl_3.jpg,reigl,8,-10.994662638803728,27.76847527626641
1295,reigl_4.jpg,reigl,19,-11.65335291891616,-8.700489470673178
1296,reigl_5.jpg,reigl,12,-0.9997744786603656,30.647896532017928
1297,reth_1.jpg,reth,17,-7.982554844191187,-30.127667277749882
1298,reth_2.jpg,reth,1,-39.905300895008494,29.67033943818424
1299,reth_3.jpg,reth,3,-31.055938022750645,16.24314287847535
1300,reutersvard_1.jpg,reutersvard,1,-0.8256568715585281,31.6057292990496
1301,reutersvard_2.jpg,reutersvard,10,-24.99460025837549,2.497082263828547
1302,rheingantz_1.jpg,rheingantz,4,-14.126570436696209,-15.923189578180992
1303,richter_1.jpg,richter,13,18.924269030284602,43.86318130929774
1304,richter_10.jpg,richter,16,15.375810616032746,-12.828977522876707
1305,richter_11.jpg,richter,16,20.50984051255485,-15.081659300200322
1306,richter_12.jpg,richter,20,16.36442070990502,-19.410470162269483
1307,richter_13.jpg,richter,4,-20.593840449695097,-32.37584996465964
1308,richter_14.jpg,richter,4,-16.117831767243356,-23.231743859800602
1309,richter_15.jpg,richter,3,-55.957396974973776,5.225146349844457
1310,richter_17.jpg,richter,16,37.43015506192695,-0.8116773719578302
1311,richter_2.jpg,richter,14,12.961480770308585,50.35002443044113
1312,richter_3.jpg,richter,3,-53.1631536819226,34.42833994365759
1313,richter_4.jpg,richter,3,-55.7351980265325,-4.129906830115813
1314,richter_5.jpg,richter,4,-21.09055881805043,-25.760528604333935
1315,richter_6.jpg,richter,4,-42.27440890178982,-35.19582558187074
1316,richter_7.jpg,richter,3,-50.7279053025384,6.621285468018881
1317,richter_8.jpg,richter,4,-22.454274204573363,-20.437941265651375
1318,richter_9.jpg,richter,4,-26.6812116004726,-21.1506794932787
1319,riley_98.jpg,riley,11,-30.167466798941476,60.0
1320,riley_99.jpg,riley,11,-29.630301467627962,59.474739286072136
1321,ripoulin_1.jpg,ripoulin,15,-53.07276505767502,-36.78968115092148
1322,rist_1.jpg,rist,23,-3.678127336805251,50.82935974262244
1323,ristori_1.jpg,ristori,18,16.542054970852213,32.85311113296635
1324,ristori_2.jpg,ristori,25,17.07513770513771,40.14206840017454
1325,ristori_3.jpg,ristori,3,-54.18849482360565,3.2662309779432177
1326,ristori_4.jpg,ristori,4,-49.43997268682193,-1.1773228734576164
1327,ristori_5.jpg,ristori,16,25.712306600558023,-5.338569975903001
1328,ristori_6.jpg,ristori,3,-50.071382451289935,-0.5676475710454071
1329,ristori_7.jpg,ristori,16,-28.25862569479968,-12.392311436214397
1330,roche_1.jpg,roche,3,-41.906708118038964,-1.3478228328889925
1331,rodtchenko_.jpg,rodtchenko,7,-6.5778694851481685,-30.223418217722354
1332,rodtchenko_1.jpg,rodtchenko,2,-19.093885591624094,18.740343052689873
1333,rodtchenko_3.jpg,rodtchenko,1,-39.28243060716596,28.367235930217962
1334,rondinone_1.jpg,rondinone,2,-14.33119946847219,20.412720773550703
1335,rossiter_1.jpg,rossiter,5,32.116983913826815,8.130245559167973
1336,rotella_1.jpg,rotella,4,-12.094805035312561,-24.428489579387065
1337,rotella_2.jpg,rotella,4,-1.0887785449946583,-22.35970022350441
1338,rothko_1.jpg,rothko,19,-21.222863803290885,-3.17791378687996
1339,rothko_11.jpg,rothko,19,17.162283505762264,23.83085038421767
1340,rothko_20.jpg,rothko,3,-34.41612860694198,12.302514585405566
1341,rothko_21.jpg,rothko,19,-20.280931388410643,-4.635457243182995
1342,rothko_24.jpg,rothko,24,14.929562670401365,24.628881748303275
1343,rothko_26.jpg,rothko,19,-22.088926758427064,2.3542211153944876
1344,rothko_27.jpg,rothko,19,-27.207088881736333,-2.4828328322163404
1345,rothko_28.jpg,rothko,3,-28.86488128768268,7.185612281854062
1346,rothko_29.jpg,rothko,16,29.71264979562535,-12.478694280422783
1347,rothko_30.jpg,rothko,3,-34.39010960022123,9.735098391015162
1348,rothko_31.jpg,rothko,19,-20.877261919634766,5.005130193552721
1349,rothko_32.jpg,rothko,3,-35.12069397438958,8.825849018679254
1350,rothko_33.jpg,rothko,3,-42.27145901282322,19.388580445908563
1351,rothko_34.jpg,rothko,3,-33.73212002145037,8.343865269684617
1352,rothko_35.jpg,rothko,19,-5.214045018469162,-9.412184229917445
1353,rothko_36.jpg,rothko,19,20.028721017366582,-4.600771552647436
1354,rothko_37.jpg,rothko,19,19.75778521952929,-5.034039045831655
1355,rothko_38.jpg,rothko,3,-42.70549737623879,20.440714086362057
1356,rothko_39.jpg,rothko,8,-12.589746075023115,40.917319539342365
1357,rothko_40.jpg,rothko,11,-26.056285018162395,47.30079048638381
1358,rothko_41.jpg,rothko,8,-7.543654710429334,43.38457287996644
1359,rothko_42.jpg,rothko,9,16.76222556249291,31.673073238006847
1360,rothko_43.jpg,rothko,18,17.62139181691351,27.813775367639252
1361,rothko_44.jpg,rothko,8,-4.109525590680516,42.0262935228524
1362,rothko_45.jpg,rothko,8,-12.142225116722784,44.544017918679515
1363,rothko_46.jpg,rothko,9,18.113433707391078,28.9056739389674
1364,rothko_47.jpg,rothko,8,25.678245243346836,31.71041615083549
1365,rothko_48.jpg,rothko,9,30.22269093897574,28.883927410513113
1366,rothko_49.jpg,rothko,9,24.901553447273592,26.799260534904448
1367,rothko_50.jpg,rothko,5,47.73425896484986,5.231183669868796
1368,rothko_51.jpg,rothko,8,-5.296952921504503,-22.323423898742366
1369,rothko_52.jpg,rothko,9,35.95403760745517,24.268006608170698
1370,rothko_53.jpg,rothko,8,1.5696770039344508,42.59457722428343
1371,rothko_54.jpg,rothko,9,30.427936242819957,27.811427949105404
1372,rothko_55.jpg,rothko,9,26.360349548147607,28.451243612272272
1373,rothko_56.jpg,rothko,9,26.913365397056047,28.024090504724136
1374,rothko_57.jpg,rothko,29,18.05300823110093,17.292079837353537
1375,rothko_58.jpg,rothko,19,16.513818411805936,15.951853361814553
1376,rothko_59.jpg,rothko,9,4.279366536680049,40.0465630683067
1377,rothko_60.jpg,rothko,9,18.73000980317674,25.351279379707112
1378,rothko_61.jpg,rothko,9,29.72882693741644,29.86386860611184
1379,rothko_62.jpg,rothko,8,-2.5952339640957853,43.313556918740616
1380,rothko_63.jpg,rothko,9,34.86446653658076,19.642359046707114
1381,rothko_64.jpg,rothko,9,30.49353224176257,27.594383442802677
1382,rothko_65.jpg,rothko,5,47.906833632116864,10.522186438232547
1383,rothko_66.jpg,rothko,8,-1.5774879237208577,42.48018147718516
1384,rothko_67.jpg,rothko,12,13.613402739719646,15.587989617258389
1385,rothko_68.jpg,rothko,1,-39.93649453286218,36.13907198643563
1386,rothko_69.jpg,rothko,16,11.146825142626753,20.517506885844515
1387,rothschild_1.jpg,rothschild,3,-30.59307661470386,-17.252176804902636
1388,rozanova_1.jpg,rozanova,20,-10.584353625951408,15.249613011819537
1389,rozanova_2.jpg,rozanova,12,-23.421097437441453,36.00492572564049
1390,ruff_1.jpg,ruff,13,54.15772641347905,-4.730825937721199
1391,ruggeri_1.jpg,ruggeri,18,-31.79628620072002,2.101518350535937
1392,sabatier_1.jpg,sabatier,4,-34.42214753080838,-17.265302619895568
1393,saburo_1.jpg,saburo,3,-4.382267394356162,22.657560354222834
1394,sage_1.jpg,sage,17,13.065489623536168,-27.21527612024276
1395,sage_2.jpg,sage,10,-26.289287215959778,-13.35162571256631
1396,saint-phalle_1.jpg,saint-phalle,1,-53.45941415328378,35.93136814053921
1397,saint-phalle_2.jpg,saint-phalle,1,-51.0337200451974,34.54615122325539
1398,saito_1.jpg,saito,0,-24.94090036458998,-45.48436681037391
1399,sander_1.jpg,sander,17,-12.92211495398211,-18.785656091085492
1400,sanfilippo_1.jpg,sanfilippo,4,-48.777999936250076,-26.81800751561828
1401,saroni_1.jpg,saroni,3,-45.46724258889186,7.478680472834002
1402,saura_1 (2).jpg,saura,19,-16.553063644231067,-15.789502320169422
1403,saura_1.jpg,saura,19,-13.56236863347729,-13.976592373661559
1404,scheggi_1.jpg,scheggi,7,37.26074392461021,18.86298526722571
1405,schifano_1.jpg,schifano,16,22.03676343633168,-15.843549975000558
1406,schneider_1.jpg,schneider,3,-45.34819320499103,14.459510157870572
1407,schoffer_1.jpg,schoffer,5,37.99954731392855,2.6677825938504687
1408,schonberg_1.jpg,schonberg,7,34.047026831356014,14.563769141380035
1409,schonberg_2.jpg,schonberg,7,27.29718374963139,22.600012379306097
1410,schonberg_3.jpg,schonberg,7,26.851816251361488,22.18251251028553
1411,schoonhoven_1.jpg,schoonhoven,13,60.0,-0.22923705673738845
1412,schumacher_1.jpg,schumacher,17,-9.994063177268025,-28.953628170008844
1413,schwitters_1.jpg,schwitters,3,5.013311031588426,-28.516491983114882
1414,scott_1.jpg,scott,24,15.519333807155252,14.446698770573578
1415,seligmann.jpg,seligmann.jpg,19,-5.552984590219647,-30.791544366216723
1416,senkine_1.jpg,senkine,10,-10.785002156438681,-30.667157386230894
1417,serusier_1.jpg,serusier,17,-18.042301531035516,27.683431215865312
1418,severini_1.jpg,severini,4,-32.658198152628614,-29.84975943391301
1419,seys_1.jpg,seys,4,-20.068589711700735,-11.317816437856086
1420,shabazi_1.jpg,shabazi,9,21.896557432328446,30.1249044755687
1421,shanghai_1.jpg,shanghai,16,16.636174095352832,-28.00165824645652
1422,shanghai_10.jpg,shanghai,16,27.391812325708415,-14.672877093180693
1423,shanghai_11.jpg,shanghai,16,32.898248448646335,-13.26256715031803
1424,shanghai_2.jpg,shanghai,21,-13.871791238247736,-26.588506123832595
1425,shanghai_3.jpg,shanghai,16,0.5821782540252227,-39.36708813121891
1426,shanghai_4.jpg,shanghai,17,6.299818004587049,-33.68271011293619
1427,shanghai_6.jpg,shanghai,15,-44.555603643797625,-50.02604368127683
1428,shanghai_7.jpg,shanghai,1,-26.369718937824963,19.261696540102115
1429,shanghai_8.jpg,shanghai,16,6.1536471032353965,-13.563924518497592
1430,shanghai_9.jpg,shanghai,17,28.721499428287824,-9.930820383859448
1431,shemza_1.jpg,shemza,1,-36.89181265096312,39.761058635923
1432,shiraga_1.jpg,shiraga,27,-57.510577197337746,-12.838348701265272
1433,shiraga_2.jpg,shiraga,3,-52.20225405617436,-2.9827759513727328
1434,sima_1.jpg,sima,17,2.313541219477113,8.688693808139016
1435,sima_2.jpg,sima,17,6.376375634807305,-1.7074849602926507
1436,simon_1.jpg,simon,19,14.346006432031574,-10.729623945374765
1437,simon_3.jpg,simon,4,-48.40952881241394,-39.080456460132154
1438,simon_6.jpg,simon,4,-47.98261660834736,-39.65686562057721
1439,singier_1.jpg,singier,3,-54.12380063612288,2.4223255378084665
1440,singier_2.jpg,singier,18,5.522404553921905,34.649288902113916
1441,singier_3.jpg,singier,18,-3.197153487249109,32.41261026146345
1442,siqueiros_1.jpg,siqueiros,14,-24.922198561559366,48.060376128736664
1443,sklavos_1.jpg,sklavos,16,-30.866278239512013,-19.33707903888958
1444,smith_1.jpg,smith,15,-33.28939838459342,-44.59665265258487
1445,snyder_1.jpg,snyder,27,-32.8982751537693,-7.106817317778394
1446,son_1.jpg,son,4,-28.270180796079032,-32.856474276263036
1447,soto_1.jpg,soto,0,-57.93077614434105,30.067933722083957
1448,soto_2.jpg,soto,13,39.66156118354228,2.011339254292841
1449,souietine_1.jpg,souietine,10,-6.469023101608989,-2.709934400852184
1450,souietine_2.jpg,souietine,26,16.30245044496384,43.41710606631339
1451,souietine_3.jpg,souietine,18,-18.299175232819884,30.565993357689237
1452,soulages_1.jpg,soulages,7,42.847687776301726,9.316203634421951
1453,soulages_10.jpg,soulages,22,-18.600321509138,42.95560148637473
1454,soulages_11.jpg,soulages,16,7.757111017886643,-31.28805190040138
1455,soulages_12.jpg,soulages,18,0.4535737771304778,-29.979787616678788
1456,soulages_13.jpg,soulages,19,-1.2631677226545632,-20.90769161943711
1457,soulages_14.jpg,soulages,1,-20.338394855716846,41.466100123103324
1458,soulages_15.jpg,soulages,13,56.51018685745719,-2.746686991094831
1459,soulages_16.jpg,soulages,13,56.39529936425716,-3.0031705948657335
1460,soulages_17.jpg,soulages,7,-17.834999111027543,42.39804354558997
1461,soulages_18.jpg,soulages,1,-21.534405151431912,38.243952093087245
1462,soulages_19.jpg,soulages,18,1.8364989802922682,-27.52146241965444
1463,soulages_2.jpg,soulages,7,-18.12502783923475,40.26407097013288
1464,soulages_20.jpg,soulages,4,-19.469836204128345,-40.254494026560955
1465,soulages_21.jpg,soulages,21,-16.929080814118684,-29.524967954513112
1466,soulages_22.jpg,soulages,1,-16.572706289285847,41.08688265837108
1467,soulages_23.jpg,soulages,1,-22.4871609472225,33.79434889942664
1468,soulages_24.jpg,soulages,1,-55.957920806231776,37.74278964182177
1469,soulages_25.jpg,soulages,1,-26.654253805967905,35.16091301017419
1470,soulages_26.jpg,soulages,10,-12.795404281153044,-2.8143567634585502
1471,soulages_3.jpg,soulages,16,40.3577349796608,-15.721730821198193
1472,soulages_4.jpg,soulages,8,-6.802947040420156,46.625993354863496
1473,soulages_5.jpg,soulages,11,-21.943598095568667,52.501811908864205
1474,soulages_6.jpg,soulages,1,-22.104725920016307,51.94524714344429
1475,soulages_7.jpg,soulages,11,-23.359505152702116,53.52880058151656
1476,soulages_8.jpg,soulages,18,-15.130996536927587,41.511092383596605
1477,soulages_9.jpg,soulages,13,54.13557964958701,0.3153131798110119
1478,sowden_1.jpg,sowden,15,-41.67561225517266,-47.70214094820013
1479,spaletti_1.jpg,spaletti,7,39.756949828503465,10.754167801404279
1480,specker_1.jpg,specker,1,-58.530511578742164,33.98841922207993
1481,stalhy_1.jpg,stalhy,5,46.93987810617812,2.3766225474174085
1482,stalhy_2.jpg,stalhy,5,39.31400838794217,-6.7133696261843925
1483,stalhy_3.jpg,stalhy,3,-41.81334700818228,23.615524441056923
1484,stazewski_1.jpg,stazewski,11,-11.063523647163835,49.35299917589888
1485,stella_1.jpg,stella,12,-33.517914121734066,28.38373567769322
1486,still_1.jpg,still,1,-25.13607372859905,35.44986204420619
1487,still_2.jpg,still,1,-38.80216156743186,33.16571391521219
1488,stojka_1.jpg,stojka,3,-27.792323434371934,15.848146168085208
1489,storel_1.jpg,storel,3,-37.512928617651426,11.401008765738098
1490,strzeminski_1.jpg,strzeminski,3,-56.237281043241794,5.267711228525137
1491,stupica_1.jpg,stupica,17,10.846424144663155,8.763543012893187
1492,szenes_1.jpg,szenes,13,54.25275145791997,-3.082156681658545
1493,szenes_2.jpg,szenes,13,54.94709287175559,-2.4140718107902606
1494,taeuber-arp_1.jpg,taeuber-arp,18,10.27675991125545,40.94070981564274
1495,taeuber-arp_2.jpg,taeuber-arp,17,-44.69787621346966,-3.37237806894051
1496,taeuber-arp_3.jpg,taeuber-arp,14,13.569090723773538,49.7216493114695
1497,taeuber-arp_4.jpg,taeuber-arp,12,1.6663861145138255,26.97369315250333
1498,taghavi_1.jpg,taghavi,3,-44.329550940689664,-2.9885188807601963
1499,tal-coat_3.jpg,tal-coat,17,3.4989200003190906,7.8739314997429135
1500,tamayo_1.jpg,tamayo,19,-18.09554538349053,7.167155067840405
1501,tanavoli_1.jpg,tanavoli,7,33.744620073234344,9.935116021058278
1502,tancredi_1.jpg,tancredi,17,13.838935720050058,-13.58012371008703
1503,tanning_1.jpg,tanning,21,-9.961819822658127,-28.46355869702961
1504,tapies_1.jpg,tapies,17,8.413540606628779,-26.579635871920395
1505,tchachnik_1.jpg,tchachnik,14,11.83656813971326,51.14312821931157
1506,tchachnik_2.jpg,tchachnik,11,-30.127407060266165,54.773268410521894
1507,tchelitchew_1.jpg,tchelitchew,27,-19.308867994146375,-9.755334279347975
1508,themerson_1.jpg,themerson,17,-12.036980432574374,-7.093995141295759
1509,themerson_3.jpg,themerson,17,-3.158902240042833,-0.14995812061994132
1510,themerson_5.jpg,themerson,19,-15.782455480591384,-0.33930370474818494
1511,themerson_6.jpg,themerson,3,-42.29929396790503,24.574787854105082
1512,themerson_7.jpg,themerson,3,-40.72562475351258,-2.4340502999798255
1513,tiberghien_1.jpg,tiberghien,9,39.34185566846535,12.44404095744415
1514,tilmans_1.jpg,tilmans,9,41.71433262921966,13.046240895516789
1515,timms_1.jpg,timms,19,-27.308897027408257,-4.890004958786793
1516,tinguely_1.jpg,tinguely,15,-47.59983770132709,-49.31036617121741
1517,tinker_1.jpg,tinker,17,10.03025108396265,4.444003143917319
1518,tobey_1.jpg,tobey,4,-17.991665331125212,-29.592569909138486
1519,tobey_2.jpg,tobey,20,-15.741993316255524,-13.672283392552053
1520,tobey_3.jpg,tobey,17,13.12194836194713,4.922105868704316
1521,tobey_4.jpg,tobey,4,-39.36329988219959,-22.250020444864592
1522,tomasello_1.jpg,tomasello,16,-44.53907522692763,-29.48326004543506
1523,toroni_1.jpg,toroni,17,25.650400017063888,5.7327729104921294
1524,toroni_2.jpg,toroni,7,20.574230672483957,34.328288126024674
1525,toroni_3.jpg,toroni,14,19.34731310000291,46.58125029373237
1526,tourliere_1.jpg,tourliere,17,11.031031729486415,-36.08250706046236
1527,toyen_1.jpg,toyen,1,-52.96921902477068,34.6816761878447
1528,toyen_10.jpg,toyen,16,22.01921611630889,-12.805635890390459
1529,toyen_11.jpg,toyen,16,25.774743178030832,-10.022670262565239
1530,toyen_12.jpg,toyen,19,4.777180842196722,-24.041960838415804
1531,toyen_13.jpg,toyen,19,-37.66648102041233,3.380577850030498
1532,toyen_14.jpg,toyen,16,42.87502971372895,-9.616155325843234
1533,toyen_15.jpg,toyen,19,-6.817373558689421,-20.540173423571865
1534,toyen_16.jpg,toyen,19,4.184472963613686,-9.039864846440283
1535,toyen_17.jpg,toyen,19,6.89574549387855,-8.039251108752591
1536,toyen_18.jpg,toyen,3,-58.17626606848104,16.87677479695555
1537,toyen_2.jpg,toyen,19,-6.568337810492848,9.075785128076044
1538,toyen_26.jpg,toyen,19,-4.825637493225717,-26.341547829673754
1539,toyen_7.jpg,toyen,17,-5.8409855778983495,12.909901039148851
1540,toyen_9.jpg,toyen,16,23.506005348762226,-14.681061461148335
1541,trenkwalder_1.jpg,trenkwalder,4,-23.637092580395862,-37.74341433567061
1542,trevelyan_1.jpg,trevelyan,17,-3.6253571510618774,9.357581702681715
1543,tsukiuchi_1.jpg,tsukiuchi,4,-58.899278513171055,-14.273256446085666
1544,tsukiuchi_2.jpg,tsukiuchi,4,-24.369433329958675,-45.69017360917154
1545,turcato_1.jpg,turcato,17,13.887115870344434,-19.163459463494647
1546,turcato_2.jpg,turcato,16,35.6160411373931,2.167329300344297
1547,turcato_5.jpg,turcato,3,-49.30107112536312,4.191822883906421
1548,turner-daniel_1.jpg,turner-daniel,1,2.667023579493737,11.06970215952101
1549,twombly_1.jpg,twombly,1,-51.8608516558152,16.865520135015867
1550,twombly_10.jpg,twombly,17,7.104970682739405,-9.766780064004791
1551,twombly_11.jpg,twombly,17,-3.1081393345953,-3.1599590406548996
1552,twombly_2.jpg,twombly,1,-56.08987492724138,31.881406247557578
1553,twombly_3.jpg,twombly,17,-9.130460174804204,-4.294112070379609
1554,twombly_4.jpg,twombly,4,-30.63058293277646,-40.3692801726352
1555,twombly_5.jpg,twombly,5,46.5881100096313,4.299105922020876
1556,twombly_6.jpg,twombly,17,-1.696764218997211,0.42662520810765164
1557,twombly_7.jpg,twombly,17,19.7240525407545,7.290785263518858
1558,twombly_8.jpg,twombly,17,-8.055401284016549,-1.6726543864070034
1559,twombly_9.jpg,twombly,17,18.531317525658057,13.160450590815161
1560,tyson_1.jpg,tyson,16,23.761694575631456,-5.290843242547432
1561,tyson_2.jpg,tyson,16,9.214723054693561,-14.98324189006136
1562,tzara_1.jpg,tzara,10,-33.55682554012225,17.501755329860917
1563,ubac_1.jpg,ubac,13,52.21760128491357,-6.468277861142082
1564,ubac_2.jpg,ubac,16,43.49372167694888,-9.392281265027393
1565,ufan_1.jpg,ufan,11,-28.25202952942937,57.333432730846795
1566,van-hecke_1.jpg,van-hecke,19,-16.207782838322498,-7.92500288064835
1567,van-hirtum_1.jpg,van-hirtum,4,-16.98833783856746,-47.05577624934692
1568,van-rees-duthil_14.jpg,van-rees-duthil,17,-15.280459769091758,-28.098876515676682
1569,van-rees-o_10.jpg,van-rees-o,1,-39.36767746812427,30.95732174496016
1570,van-rees-o_46.jpg,van-rees-o,3,-32.852477922138746,19.545233256221053
1571,van-rees-o_47.jpg,van-rees-o,2,-17.897724103828285,13.832542873494342
1572,van-rees-o_49.jpg,van-rees-o,1,-35.31935749254507,41.15352292664058
1573,van-rees-o_5.jpg,van-rees-o,1,-43.22511744176973,35.909545933654194
1574,van-rees-o_56.jpg,van-rees-o,19,-26.302309044761518,0.22173086615311993
1575,van-rees-o_57.jpg,van-rees-o,2,-26.473197180801794,21.116636529945122
1576,van-rees-o_9.jpg,van-rees-o,1,-39.60260448901476,30.931876221273196
1577,van-velde-b_1.jpg,van-velde-b,19,-9.159736795677633,-16.094128811599333
1578,van-velde_1.jpg,van-velde,17,11.16346387219695,2.987245756854114
1579,van_doesburg_1.jpg,van,8,-5.452832983867129,51.64895606858105
1580,van_doesburg_2.jpg,van,14,3.141572176466492,51.004470229342246
1581,van_doesburg_3.jpg,van,14,-24.100907155908168,52.754822165513644
1582,vanel_2.jpg,vanel,1,-56.63300988065584,32.779744670582204
1583,vantongerloo_1.jpg,vantongerloo,14,12.889646660067305,45.63539691365326
1584,varo_1.jpg,varo,3,-35.23685715077086,-9.434459274337101
1585,varo_2.jpg,varo,10,-11.78423575364716,-11.103910043263742
1586,vasarely_1.jpg,vasarely,18,7.785885582448487,44.18198417413992
1587,vasarely_10.jpg,vasarely,11,-60.0,32.682974923222424
1588,vasarely_11.jpg,vasarely,15,-47.24574831332327,-47.8560810489791
1589,vasarely_12.jpg,vasarely,18,14.979668260060922,44.136275172631144
1590,vasarely_13.jpg,vasarely,11,-29.541790418948256,58.96996877699584
1591,vasarely_14.jpg,vasarely,15,-49.88002586562345,-47.825091425182976
1592,vasarely_15.jpg,vasarely,14,-21.425486253212707,45.288498701129754
1593,vasarely_16.jpg,vasarely,18,17.314932042823102,37.548426623975054
1594,vasarely_17.jpg,vasarely,17,-44.940576479380795,0.050209016709967025
1595,vasarely_18.jpg,vasarely,4,-57.80273945944517,-30.884436171993347
1596,vasarely_19.jpg,vasarely,4,-38.450600949148,-20.523103390569663
1597,vasarely_2.jpg,vasarely,18,5.7245806174422995,38.310303735227635
1598,vasarely_20.jpg,vasarely,4,-58.08995305684469,-9.588165095656345
1599,vasarely_21.jpg,vasarely,19,-56.18838396310804,-26.782048701176638
1600,vasarely_22.jpg,vasarely,19,-17.57774948328155,-9.06762850372864
1601,vasarely_23.jpg,vasarely,18,12.526510398101824,43.663560413023895
1602,vasarely_24.jpg,vasarely,15,-51.31264889175965,-44.37890222527854
1603,vasarely_25.jpg,vasarely,3,-57.76537488394827,-29.579391689529576
1604,vasarely_26.jpg,vasarely,4,-57.84828812800819,-29.976891490989292
1605,vasarely_27.jpg,vasarely,4,-56.42451887725227,-30.442500338799697
1606,vasarely_28.jpg,vasarely,4,-54.28686827961729,-29.285771708769524
1607,vasarely_29.jpg,vasarely,4,-48.21826261331745,-14.699763743807347
1608,vasarely_3.jpg,vasarely,10,-45.796570165194126,-24.27971903984417
1609,vasarely_30.jpg,vasarely,3,-41.10191431565434,24.83955601113891
1610,vasarely_31.jpg,vasarely,19,-59.90735581998268,-28.029070484555305
1611,vasarely_32.jpg,vasarely,3,-23.294613758157517,13.22811265661771
1612,vasarely_33.jpg,vasarely,2,-17.152278328734518,20.80695915832124
1613,vasarely_34.jpg,vasarely,1,-45.50903199783867,20.55039386500188
1614,vasarely_35.jpg,vasarely,2,-14.63535438502741,20.57290010625678
1615,vasarely_36.jpg,vasarely,3,-24.23596523390144,14.250263150164512
1616,vasarely_4.jpg,vasarely,13,55.37156874691243,-1.284235996635676
1617,vasarely_5.jpg,vasarely,18,11.633241701665497,42.56337355845722
1618,vasarely_6.jpg,vasarely,8,-20.769535507867584,52.38990416338875
1619,vasarely_7.jpg,vasarely,8,-10.742783616708355,47.35225752213995
1620,vasarely_8.jpg,vasarely,8,-3.7735693098427325,46.862061045032554
1621,vasarely_9.jpg,vasarely,13,18.991403655157566,45.16518848187128
1622,vedova_1.jpg,vedova,4,-21.892323643219694,-41.90578967867198
1623,vedova_2.jpg,vedova,4,-27.11717684122151,-36.46024569775764
1624,vedova_3.jpg,vedova,15,-38.92643693847129,-35.10355492492481
1625,vedova_99.jpg,vedova,3,-55.08624505052215,27.85741037940467
1626,venet_1.jpg,venet,1,-43.56734564670033,42.755116530461976
1627,venet_2.jpg,venet,21,-1.0040957784028082,-30.726009311298405
1628,veronesi_1.jpg,veronesi,5,29.39556549107862,10.27355890292323
1629,vescovi_1.jpg,vescovi,24,18.482106146769503,12.424472457309085
1630,vezelay_1.jpg,vezelay,17,11.062579929203347,-4.13269352263662
1631,vezelay_2.jpg,vezelay,18,-24.98616760224185,2.888180995576472
1632,vezelay_3.jpg,vezelay,12,-0.5324563964401537,15.731982088872911
1633,viallat_99.jpg,viallat,18,0.5619425498167794,1.933948425663218
1634,vieira-da-silva_1.jpg,vieira-da-silva,17,-5.884164474935001,12.056760056102224
1635,vieira-da-silva_10.jpg,vieira-da-silva,5,7.286225747511483,9.007468004573633
1636,vieira-da-silva_11.jpg,vieira-da-silva,16,39.69872238925668,-4.553189702641956
1637,vieira-da-silva_12.jpg,vieira-da-silva,4,6.915219691234682,-37.83095162274298
1638,vieira-da-silva_13.jpg,vieira-da-silva,17,-17.336565246658274,-14.85343257363295
1639,vieira-da-silva_14.jpg,vieira-da-silva,16,-2.5379907524267695,-14.650056424229858
1640,vieira-da-silva_4.jpg,vieira-da-silva,4,-46.14359707529602,-24.51556447278895
1641,vieira-da-silva_5.jpg,vieira-da-silva,20,23.73581114876571,6.243981480773854
1642,vieira-da-silva_6.jpg,vieira-da-silva,4,-58.92311591677027,-14.200153548093702
1643,vieira-da-silva_7.jpg,vieira-da-silva,3,-34.09764741904059,-0.3694379002539058
1644,vieira-da-silva_9.jpg,vieira-da-silva,16,33.41012402851983,-10.54885576383408
1645,villa_1.jpg,villa,17,-33.8126298044442,-25.50397101757575
1646,villard_1.jpg,villard,4,-39.053296543716854,-35.731750635152295
1647,villard_2.jpg,villard,4,-50.037754538766755,-21.873946424783057
1648,villon_1.jpg,villon,16,29.74345929055649,-4.760658036028869
1649,volpi_1.jpg,volpi,0,27.586346821006757,-16.415403016479058
1650,von-heyl_1.jpg,von-heyl,4,-47.36876443510328,-24.74001498438067
1651,von-heyl_2.jpg,von-heyl,18,-0.9575295624855211,5.2661868707247566
1652,vordemberge-gildewart_1.jpg,vordemberge-gildewart,10,14.156024133077242,7.034597591697063
1653,vssd_1.jpg,vssd,4,-24.347598810581214,-31.826578688735555
1654,warhol_26.jpg,warhol,19,-18.10078451776659,-34.53982305761231
1655,william_1.jpg,william,12,14.513965221507522,13.973087429639255
1656,wols_1.jpg,wols,20,-9.462858429398452,-16.127203830849357
1657,wols_2.jpg,wols,3,-27.526307541879365,14.815400694235286
1658,wool_1.jpg,wool,4,-40.84087995571332,-32.965489749329585
1659,wool_2.jpg,wool,19,-9.38769501202056,-5.026616086108081
1660,wool_3.jpg,wool,3,-20.285974753593027,12.583116643029141
1661,x-3.jpg,x-3.jpg,17,16.896254466132238,20.77414462083892
1662,x-4.jpg,x-4.jpg,17,2.651884445289573,-35.3222285982599
1663,x_1.jpg,x,14,0.3482988956507236,52.65221238609557
1664,x_2.jpg,x,7,-7.623050068099776,-0.5457239458153222
1665,xenakis_1.jpg,xenakis,1,-31.750624548944483,29.083899880107744
1666,xie_1.jpg,xie,19,-19.781582565444072,-4.241729032762224
1667,youngerman_1.jpg,youngerman,10,-9.858103698662953,6.374344128294618
1668,zakharina-unkovskaya_1.jpg,zakharina-unkovskaya,13,57.46446155847194,0.8291111546474706
1669,zao_1.jpg,zao,19,22.198828610595104,-10.570796343498749
1670,zao_10.jpg,zao,16,46.80651888485295,-9.319489712106897
1671,zao_11.jpg,zao,19,-5.238426795728647,-17.885481965189026
1672,zao_12.jpg,zao,3,14.375893573100601,-10.743535829607527
1673,zao_13.jpg,zao,19,-9.557606151408667,-9.59981433352818
1674,zao_14.jpg,zao,17,9.491492689352759,-12.315891634292798
1675,zao_15.jpg,zao,3,18.554686562485415,-11.345923807772836
1676,zao_16.jpg,zao,1,-43.543680799280224,43.909430849007315
1677,zao_17.jpg,zao,21,2.8573158632983917,-21.49930428376782
1678,zao_18.jpg,zao,19,19.60076525926446,-8.180549366580404
1679,zao_19.jpg,zao,19,1.8821024970693687,-16.220450138440025
1680,zao_2.jpg,zao,16,47.38750732293844,-5.345317840867657
1681,zao_20.jpg,zao,16,23.971455099495582,-10.882213856635897
1682,zao_21.jpg,zao,3,-13.249094533704415,-18.73036151465627
1683,zao_22.jpg,zao,17,-8.159292223855077,-10.316825078670828
1684,zao_23.jpg,zao,16,36.96333924144235,-7.5750386898270605
1685,zao_24.jpg,zao,5,37.86211658847258,-4.310633396226153
1686,zao_25.jpg,zao,4,-18.888678496648115,-17.666348980807932
1687,zao_26.jpg,zao,16,34.685517561888005,-13.941561429185374
1688,zao_27.jpg,zao,17,-4.575463613773532,-30.45157404392691
1689,zao_3.jpg,zao,16,29.489345665941713,-11.097994486905957
1690,zao_4.jpg,zao,19,-3.4383174896061446,-28.418728089363544
1691,zao_5.jpg,zao,16,36.462008076656296,-10.859511868727157
1692,zao_6.jpg,zao,19,-0.29474444207331985,-20.693734361541022
1693,zao_7.jpg,zao,16,41.73234009905341,-11.65675408094846
1694,zao_8.jpg,zao,16,42.93293052877957,-11.416953640808776
1695,zao_9.jpg,zao,4,-23.760733191205016,-40.34682941862076
1696,zion_1.jpg,zion,19,-0.9901955564798128,4.075433773107813
1697,zion_2.jpg,zion,3,-2.3865179597601056,1.8970247497624966
1698,zion_3.jpg,zion,27,-1.2804408016069926,2.4647470744512967
1699,zurn_1.jpg,zurn,19,-4.084003648467594,-14.978522391997911
